datetime,temp
2008-02-01,22
2008-02-02,27
2008-02-03,30
2008-02-04,33
2008-02-05,32
2008-02-06,31
2008-02-07,32
2008-02-08,33
2008-02-09,35
2008-02-10,37
2008-02-11,34
2008-02-12,33
2008-02-13,29
2008-02-14,31
2008-02-15,32
2008-02-16,32
2008-02-17,24
2008-02-18,20
2008-02-19,21
2008-02-20,32
2008-02-21,33
2008-02-22,34
2008-02-23,36
2008-02-24,35
2008-02-25,32
2008-02-26,37
2008-02-27,42
2008-02-28,42
2008-02-29,44
2008-03-01,46
2008-03-02,42
2008-03-03,40
2008-03-04,49
2008-03-05,52
2008-03-06,51
2008-03-07,54
2008-03-08,60
2008-03-09,61
2008-03-10,51
2008-03-11,47
2008-03-12,48
2008-03-13,49
2008-03-14,38
2008-03-15,43
2008-03-16,51
2008-03-17,53
2008-03-18,48
2008-03-19,53
2008-03-20,53
2008-03-21,50
2008-03-22,55
2008-03-23,64
2008-03-24,67
2008-03-25,51
2008-03-26,44
2008-03-27,46
2008-03-28,51
2008-03-29,52
2008-03-30,47
2008-03-31,42
2008-04-01,42
2008-04-02,43
2008-04-03,44
2008-04-04,46
2008-04-05,50
2008-04-06,51
2008-04-07,45
2008-04-08,49
2008-04-09,52
2008-04-10,55
2008-04-11,59
2008-04-12,64
2008-04-13,68
2008-04-14,70
2008-04-15,72
2008-04-16,56
2008-04-17,52
2008-04-18,54
2008-04-19,57
2008-04-20,65
2008-04-21,68
2008-04-22,72
2008-04-23,73
2008-04-24,61
2008-04-25,58
2008-04-26,59
2008-04-27,60
2008-04-28,52
2008-04-29,50
2008-04-30,54
2008-05-01,58
2008-05-02,61
2008-05-03,52
2008-05-04,48
2008-05-05,50
2008-05-06,49
2008-05-07,54
2008-05-08,52
2008-05-09,53
2008-05-10,52
2008-05-11,53
2008-05-12,55
2008-05-13,56
2008-05-14,58
2008-05-15,55
2008-05-16,58
2008-05-17,63
2008-05-18,67
2008-05-19,69
2008-05-20,71
2008-05-21,75
2008-05-22,76
2008-05-23,71
2008-05-24,64
2008-05-25,57
2008-05-26,60
2008-05-27,62
2008-05-28,67
2008-05-29,62
2008-05-30,61
2008-05-31,68
2008-06-01,70
2008-06-02,66
2008-06-03,62
2008-06-04,70
2008-06-05,76
2008-06-06,73
2008-06-07,65
2008-06-08,66
2008-06-09,67
2008-06-10,66
2008-06-11,64
2008-06-12,63
2008-06-13,72
2008-06-14,74
2008-06-15,69
2008-06-16,70
2008-06-17,71
2008-06-18,73
2008-06-19,77
2008-06-20,75
2008-06-21,71
2008-06-22,72
2008-06-23,73
2008-06-24,75
2008-06-25,78
2008-06-26,80
2008-06-27,80
2008-06-28,81
2008-06-29,78
2008-06-30,74
2008-07-01,76
2008-07-02,76
2008-07-03,72
2008-07-04,75
2008-07-05,78
2008-07-06,72
2008-07-07,72
2008-07-08,76
2008-07-09,79
2008-07-10,75
2008-07-11,76
2008-07-12,74
2008-07-13,74
2008-07-14,75
2008-07-15,78
2008-07-16,79
2008-07-17,71
2008-07-18,74
2008-07-19,81
2008-07-20,82
2008-07-21,80
2008-07-22,83
2008-07-23,86
2008-07-24,87
2008-07-25,81
2008-07-26,79
2008-07-27,76
2008-07-28,75
2008-07-29,77
2008-07-30,76
2008-07-31,72
2008-08-01,74
2008-08-02,76
2008-08-03,77
2008-08-04,78
2008-08-05,78
2008-08-06,80
2008-08-07,78
2008-08-08,76
2008-08-09,78
2008-08-10,80
2008-08-11,78
2008-08-12,76
2008-08-13,80
2008-08-14,79
2008-08-15,78
2008-08-16,81
2008-08-17,82
2008-08-18,84
2008-08-19,85
2008-08-20,81
2008-08-21,84
2008-08-22,84
2008-08-23,81
2008-08-24,84
2008-08-25,83
2008-08-26,84
2008-08-27,81
2008-08-28,79
2008-08-29,84
2008-08-30,80
2008-08-31,76
2008-09-01,74
2008-09-02,74
2008-09-03,77
2008-09-04,78
2008-09-05,78
2008-09-06,79
2008-09-07,77
2008-09-08,75
2008-09-09,73
2008-09-10,70
2008-09-11,67
2008-09-12,71
2008-09-13,73
2008-09-14,75
2008-09-15,75
2008-09-16,75
2008-09-17,74
2008-09-18,62
2008-09-19,62
2008-09-20,61
2008-09-21,61
2008-09-22,60
2008-09-23,58
2008-09-24,59
2008-09-25,65
2008-09-26,62
2008-09-27,57
2008-09-28,57
2008-09-29,55
2008-09-30,51
2008-10-01,53
2008-10-02,56
2008-10-03,61
2008-10-04,61
2008-10-06,55
2008-10-07,54
2008-10-08,56
2008-10-09,58
2008-10-10,57
2008-10-11,56
2008-10-12,54
2008-10-13,59
2008-10-14,64
2008-10-15,59
2008-10-16,56
2008-10-17,56
2008-10-18,57
2008-10-19,60
2008-10-20,60
2008-10-21,56
2008-10-22,53
2008-10-23,51
2008-10-24,51
2008-10-25,52
2008-10-26,54
2008-10-27,53
2008-10-28,49
2008-10-29,52
2008-10-30,52
2008-10-31,54
2008-11-01,57
2008-11-02,56
2008-11-03,57
2008-11-04,54
2008-11-05,52
2008-11-06,52
2008-11-07,51
2008-11-08,49
2008-11-09,46
2008-11-10,45
2008-11-11,46
2008-11-12,49
2008-11-13,49
2008-11-14,45
2008-11-15,46
2008-11-16,39
2008-11-17,41
2008-11-18,42
2008-11-19,46
2008-11-20,48
2008-11-21,49
2008-11-22,52
2008-11-23,45
2008-11-24,48
2008-11-25,51
2008-11-26,51
2008-11-27,47
2008-11-28,39
2008-11-29,38
2008-11-30,43
2008-12-01,42
2008-12-02,39
2008-12-03,42
2008-12-04,42
2008-12-05,42
2008-12-06,46
2008-12-07,48
2008-12-08,43
2008-12-09,37
2008-12-10,34
2008-12-11,31
2008-12-12,32
2008-12-13,35
2008-12-14,39
2008-12-15,36
2008-12-16,31
2008-12-17,32
2008-12-18,35
2008-12-19,42
2008-12-20,42
2008-12-21,41
2008-12-22,41
2008-12-23,38
2008-12-24,32
2008-12-25,29
2008-12-26,29
2008-12-27,29
2008-12-28,28
2008-12-29,27
2008-12-30,22
2008-12-31,21
2009-01-01,22
2009-01-02,18
2009-01-03,28
2009-01-04,35
2009-01-05,39
2009-01-06,41
2009-01-07,36
2009-01-08,34
2009-01-09,32
2009-01-10,31
2009-01-11,28
2009-01-12,28
2009-01-13,29
2009-01-14,32
2009-01-15,39
2009-01-16,37
2009-01-17,36
2009-01-18,33
2009-01-19,34
2009-01-20,37
2009-01-21,39
2009-01-22,42
2009-01-23,44
2009-01-24,46
2009-01-25,47
2009-01-26,47
2009-01-27,45
2009-01-28,47
2009-01-29,43
2009-01-30,41
2009-01-31,40
2009-02-01,40
2009-02-02,40
2009-02-03,42
2009-02-04,45
2009-02-05,46
2009-02-06,45
2009-02-07,44
2009-02-08,48
2009-02-09,46
2009-02-10,40
2009-02-11,40
2009-02-12,49
2009-02-13,48
2009-02-14,45
2009-02-15,39
2009-02-16,35
2009-02-17,32
2009-02-18,38
2009-02-19,36
2009-02-20,36
2009-02-21,35
2009-02-22,33
2009-02-23,34
2009-02-24,35
2009-02-25,37
2009-02-26,39
2009-02-27,37
2009-02-28,36
2009-03-01,33
2009-03-02,34
2009-03-03,40
2009-03-04,42
2009-03-05,45
2009-03-06,56
2009-03-07,58
2009-03-08,51
2009-03-09,44
2009-03-10,43
2009-03-11,39
2009-03-12,45
2009-03-13,42
2009-03-14,37
2009-03-15,34
2009-03-16,34
2009-03-17,35
2009-03-18,33
2009-03-19,36
2009-03-20,35
2009-03-21,38
2009-03-22,41
2009-03-23,40
2009-03-24,39
2009-03-25,45
2009-03-26,47
2009-03-27,38
2009-03-28,36
2009-03-29,42
2009-03-30,47
2009-03-31,56
2009-04-01,61
2009-04-02,57
2009-04-03,52
2009-04-04,52
2009-04-05,56
2009-04-06,51
2009-04-07,47
2009-04-08,49
2009-04-09,50
2009-04-10,51
2009-04-11,52
2009-04-12,54
2009-04-13,57
2009-04-14,60
2009-04-15,49
2009-04-16,48
2009-04-17,44
2009-04-18,47
2009-04-19,55
2009-04-20,58
2009-04-21,58
2009-04-22,54
2009-04-23,50
2009-04-24,50
2009-04-25,53
2009-04-26,50
2009-04-27,45
2009-04-28,47
2009-04-29,51
2009-04-30,51
2009-05-01,54
2009-05-02,53
2009-05-03,54
2009-05-04,54
2009-05-05,53
2009-05-06,53
2009-05-07,56
2009-05-08,54
2009-05-09,54
2009-05-10,55
2009-05-11,57
2009-05-12,60
2009-05-13,63
2009-05-14,64
2009-05-15,67
2009-05-16,70
2009-05-17,72
2009-05-18,73
2009-05-19,73
2009-05-20,69
2009-05-21,62
2009-05-22,61
2009-05-23,62
2009-05-24,60
2009-05-25,59
2009-05-26,55
2009-05-27,57
2009-05-28,58
2009-05-29,62
2009-05-30,69
2009-05-31,67
2009-06-01,69
2009-06-02,75
2009-06-03,72
2009-06-04,67
2009-06-05,60
2009-06-06,65
2009-06-07,70
2009-06-08,73
2009-06-09,76
2009-06-10,76
2009-06-11,72
2009-06-12,74
2009-06-13,71
2009-06-14,65
2009-06-15,65
2009-06-16,67
2009-06-17,72
2009-06-18,71
2009-06-19,70
2009-06-20,73
2009-06-21,77
2009-06-22,77
2009-06-23,76
2009-06-24,78
2009-06-25,76
2009-06-26,76
2009-06-27,71
2009-06-28,70
2009-06-29,72
2009-06-30,72
2009-07-01,76
2009-07-02,79
2009-07-03,75
2009-07-04,74
2009-07-05,72
2009-07-06,74
2009-07-07,76
2009-07-08,79
2009-07-09,79
2009-07-10,80
2009-07-11,81
2009-07-12,79
2009-07-13,72
2009-07-14,68
2009-07-15,66
2009-07-16,67
2009-07-17,73
2009-07-18,72
2009-07-19,75
2009-07-20,77
2009-07-21,74
2009-07-22,74
2009-07-23,74
2009-07-24,76
2009-07-25,78
2009-07-26,81
2009-07-27,75
2009-07-28,72
2009-07-29,73
2009-07-30,73
2009-07-31,72
2009-08-01,72
2009-08-02,73
2009-08-03,65
2009-08-04,82
2009-08-05,81
2009-08-06,83
2009-08-07,78
2009-08-08,73
2009-08-09,71
2009-08-10,69
2009-08-11,67
2009-08-12,70
2009-08-13,73
2009-08-14,75
2009-08-15,79
2009-08-16,77
2009-08-17,74
2009-08-18,76
2009-08-19,77
2009-08-20,75
2009-08-21,71
2009-08-22,71
2009-08-23,69
2009-08-24,70
2009-08-25,72
2009-08-26,71
2009-08-27,71
2009-08-28,71
2009-08-29,74
2009-08-30,77
2009-08-31,76
2009-09-01,72
2009-09-02,69
2009-09-03,69
2009-09-04,70
2009-09-05,74
2009-09-06,76
2009-09-07,73
2009-09-08,73
2009-09-09,66
2009-09-10,68
2009-09-11,71
2009-09-12,68
2009-09-13,65
2009-09-14,65
2009-09-15,65
2009-09-16,66
2009-09-17,64
2009-09-18,67
2009-09-19,66
2009-09-20,57
2009-09-21,53
2009-09-22,56
2009-09-23,60
2009-09-24,61
2009-09-25,62
2009-09-26,64
2009-09-27,57
2009-09-28,54
2009-09-29,55
2009-09-30,60
2009-10-01,62
2009-10-02,64
2009-10-03,65
2009-10-04,65
2009-10-05,65
2009-10-06,64
2009-10-07,59
2009-10-08,60
2009-10-09,60
2009-10-10,62
2009-10-11,62
2009-10-12,64
2009-10-13,65
2009-10-14,61
2009-10-15,62
2009-10-16,65
2009-10-17,67
2009-10-18,63
2009-10-19,67
2009-10-20,69
2009-10-21,64
2009-10-22,60
2009-10-23,62
2009-10-24,66
2009-10-25,65
2009-10-26,64
2009-10-27,61
2009-10-28,56
2009-10-29,55
2009-10-30,50
2009-10-31,49
2009-11-01,44
2009-11-02,40
2009-11-03,40
2009-11-04,47
2009-11-05,49
2009-11-06,51
2009-11-07,56
2009-11-08,56
2009-11-09,55
2009-11-10,56
2009-11-11,51
2009-11-12,48
2009-11-13,48
2009-11-14,46
2009-11-15,44
2009-11-16,44
2009-11-17,43
2009-11-18,40
2009-11-19,41
2009-11-20,42
2009-11-21,44
2009-11-22,41
2009-11-23,42
2009-11-24,43
2009-11-25,42
2009-11-26,40
2009-11-27,40
2009-11-28,40
2009-11-29,41
2009-11-30,40
2009-12-01,38
2009-12-02,41
2009-12-03,44
2009-12-04,46
2009-12-05,44
2009-12-06,46
2009-12-07,44
2009-12-08,38
2009-12-09,40
2009-12-10,42
2009-12-11,44
2009-12-12,46
2009-12-13,40
2009-12-14,32
2009-12-15,33
2009-12-16,42
2009-12-17,43
2009-12-18,46
2009-12-19,41
2009-12-20,49
2009-12-21,42
2009-12-22,35
2009-12-23,37
2009-12-24,43
2009-12-25,45
2009-12-26,48
2009-12-27,49
2009-12-28,51
2009-12-29,41
2009-12-30,35
2009-12-31,36
2010-01-01,46
2010-01-02,47
2010-01-03,41
2010-01-04,31
2010-01-05,29
2010-01-06,34
2010-01-07,41
2010-01-08,44
2010-01-09,43
2010-01-10,40
2010-01-11,41
2010-01-12,40
2010-01-13,41
2010-01-14,42
2010-01-15,42
2010-01-16,42
2010-01-17,42
2010-01-18,44
2010-01-19,44
2010-01-20,40
2010-01-21,33
2010-01-22,33
2010-01-23,36
2010-01-24,31
2010-01-25,24
2010-01-26,20
2010-01-27,23
2010-01-28,27
2010-01-29,38
2010-01-30,42
2010-01-31,41
2010-02-01,47
2010-02-02,45
2010-02-03,30
2010-02-04,27
2010-02-05,29
2010-02-06,30
2010-02-07,36
2010-02-08,42
2010-02-09,38
2010-02-10,43
2010-02-11,50
2010-02-12,46
2010-02-13,49
2010-02-14,53
2010-02-15,56
2010-02-16,45
2010-02-17,46
2010-02-18,51
2010-02-19,48
2010-02-20,50
2010-02-21,48
2010-02-22,40
2010-02-23,44
2010-02-24,45
2010-02-25,44
2010-02-26,45
2010-02-27,46
2010-02-28,47
2010-03-01,47
2010-03-02,54
2010-03-03,42
2010-03-04,41
2010-03-05,47
2010-03-06,46
2010-03-07,41
2010-03-08,43
2010-03-09,52
2010-03-10,48
2010-03-11,53
2010-03-12,53
2010-03-13,47
2010-03-14,44
2010-03-15,40
2010-03-16,36
2010-03-17,38
2010-03-18,36
2010-03-19,38
2010-03-20,43
2010-03-21,47
2010-03-22,51
2010-03-23,55
2010-03-24,59
2010-03-25,55
2010-03-26,54
2010-03-27,55
2010-03-28,56
2010-03-29,44
2010-03-30,44
2010-03-31,49
2010-04-01,56
2010-04-02,56
2010-04-03,50
2010-04-04,51
2010-04-05,54
2010-04-06,56
2010-04-07,45
2010-04-08,44
2010-04-09,44
2010-04-10,45
2010-04-11,48
2010-04-12,45
2010-04-13,47
2010-04-14,51
2010-04-15,54
2010-04-16,60
2010-04-17,61
2010-04-18,56
2010-04-19,61
2010-04-20,58
2010-04-21,53
2010-04-22,51
2010-04-23,55
2010-04-24,59
2010-04-25,62
2010-04-26,60
2010-04-27,56
2010-04-28,56
2010-04-29,57
2010-04-30,57
2010-05-01,58
2010-05-02,61
2010-05-03,63
2010-05-04,59
2010-05-05,69
2010-05-06,62
2010-05-07,69
2010-05-08,71
2010-05-09,62
2010-05-10,62
2010-05-11,62
2010-05-12,66
2010-05-13,71
2010-05-14,74
2010-05-15,69
2010-05-16,75
2010-05-17,65
2010-05-18,60
2010-05-19,56
2010-05-20,55
2010-05-21,57
2010-05-22,54
2010-05-23,54
2010-05-24,58
2010-05-25,62
2010-05-26,65
2010-05-27,70
2010-05-28,69
2010-05-29,71
2010-05-30,72
2010-05-31,72
2010-06-01,74
2010-06-02,76
2010-06-03,74
2010-06-04,75
2010-06-05,74
2010-06-06,66
2010-06-07,65
2010-06-08,65
2010-06-09,68
2010-06-10,67
2010-06-11,65
2010-06-12,69
2010-06-13,77
2010-06-14,76
2010-06-15,78
2010-06-16,78
2010-06-17,76
2010-06-18,73
2010-06-19,74
2010-06-20,71
2010-06-21,74
2010-06-22,73
2010-06-23,65
2010-06-24,62
2010-06-25,63
2010-06-26,63
2010-06-27,65
2010-06-28,65
2010-06-29,69
2010-06-30,67
2010-07-01,71
2010-07-02,72
2010-07-03,75
2010-07-04,76
2010-07-05,76
2010-07-06,79
2010-07-07,78
2010-07-08,74
2010-07-09,74
2010-07-10,75
2010-07-11,80
2010-07-12,84
2010-07-13,83
2010-07-14,79
2010-07-15,76
2010-07-16,74
2010-07-17,76
2010-07-18,77
2010-07-19,80
2010-07-20,79
2010-07-21,77
2010-07-22,79
2010-07-23,78
2010-07-24,77
2010-07-25,80
2010-07-26,85
2010-07-27,83
2010-07-28,82
2010-07-29,80
2010-07-30,84
2010-07-31,88
2010-08-01,90
2010-08-02,86
2010-08-03,84
2010-08-04,88
2010-08-05,85
2010-08-06,85
2010-08-07,89
2010-08-08,90
2010-08-09,87
2010-08-10,84
2010-08-11,85
2010-08-12,83
2010-08-13,85
2010-08-14,86
2010-08-15,83
2010-08-16,82
2010-08-17,81
2010-08-18,83
2010-08-19,82
2010-08-20,81
2010-08-21,77
2010-08-22,73
2010-08-23,74
2010-08-24,77
2010-08-25,80
2010-08-26,77
2010-08-27,77
2010-08-28,79
2010-08-29,83
2010-08-30,84
2010-08-31,84
2010-09-01,76
2010-09-02,65
2010-09-03,70
2010-09-04,72
2010-09-05,77
2010-09-06,77
2010-09-07,71
2010-09-08,72
2010-09-09,76
2010-09-10,73
2010-09-11,76
2010-09-12,78
2010-09-13,67
2010-09-14,66
2010-09-15,68
2010-09-16,72
2010-09-17,74
2010-09-18,72
2010-09-19,75
2010-09-20,77
2010-09-21,74
2010-09-22,72
2010-09-23,70
2010-09-24,71
2010-09-25,72
2010-09-26,72
2010-09-27,73
2010-09-28,70
2010-09-29,70
2010-09-30,65
2010-10-01,63
2010-10-02,59
2010-10-03,53
2010-10-04,54
2010-10-05,55
2010-10-06,56
2010-10-07,49
2010-10-08,47
2010-10-09,44
2010-10-10,45
2010-10-11,49
2010-10-12,51
2010-10-13,57
2010-10-14,59
2010-10-15,60
2010-10-16,56
2010-10-17,58
2010-10-18,62
2010-10-19,64
2010-10-20,59
2010-10-21,59
2010-10-22,56
2010-10-23,52
2010-10-24,50
2010-10-25,51
2010-10-26,55
2010-10-27,58
2010-10-28,54
2010-10-29,49
2010-10-30,46
2010-10-31,46
2010-11-01,46
2010-11-02,48
2010-11-03,46
2010-11-04,43
2010-11-05,51
2010-11-06,51
2010-11-07,50
2010-11-08,51
2010-11-09,53
2010-11-10,55
2010-11-11,52
2010-11-12,52
2010-11-13,55
2010-11-14,55
2010-11-15,57
2010-11-16,59
2010-11-17,59
2010-11-18,56
2010-11-19,53
2010-11-20,50
2010-11-21,47
2010-11-22,44
2010-11-23,46
2010-11-24,51
2010-11-25,51
2010-11-26,53
2010-11-27,57
2010-11-28,54
2010-11-29,55
2010-11-30,54
2010-12-01,54
2010-12-02,56
2010-12-03,55
2010-12-04,53
2010-12-05,49
2010-12-06,45
2010-12-07,44
2010-12-08,43
2010-12-09,46
2010-12-10,46
2010-12-11,33
2010-12-12,32
2010-12-13,34
2010-12-14,38
2010-12-15,39
2010-12-16,43
2010-12-17,44
2010-12-18,38
2010-12-19,40
2010-12-20,44
2010-12-21,43
2010-12-22,41
2010-12-23,40
2010-12-24,35
2010-12-25,36
2010-12-26,44
2010-12-27,46
2010-12-28,48
2010-12-29,44
2010-12-30,38
2010-12-31,36
2011-01-01,33
2011-01-02,32
2011-01-03,38
2011-01-04,42
2011-01-05,37
2011-01-06,37
2011-01-07,36
2011-01-08,32
2011-01-09,32
2011-01-10,37
2011-01-11,38
2011-01-12,35
2011-01-13,35
2011-01-14,34
2011-01-15,38
2011-01-16,38
2011-01-17,38
2011-01-18,39
2011-01-19,35
2011-01-20,35
2011-01-21,34
2011-01-22,42
2011-01-23,46
2011-01-24,44
2011-01-25,40
2011-01-26,35
2011-01-27,33
2011-01-28,31
2011-01-29,31
2011-01-30,32
2011-01-31,29
2011-02-01,26
2011-02-02,24
2011-02-03,26
2011-02-04,29
2011-02-05,29
2011-02-06,31
2011-02-07,37
2011-02-08,39
2011-02-09,38
2011-02-10,34
2011-02-11,32
2011-02-12,37
2011-02-13,40
2011-02-14,40
2011-02-15,37
2011-02-16,34
2011-02-17,38
2011-02-18,46
2011-02-19,42
2011-02-20,40
2011-02-21,40
2011-02-22,42
2011-02-23,45
2011-02-24,47
2011-02-25,47
2011-02-26,44
2011-02-27,42
2011-02-28,45
2011-03-01,43
2011-03-02,43
2011-03-03,40
2011-03-04,43
2011-03-05,42
2011-03-06,42
2011-03-07,35
2011-03-08,27
2011-03-09,29
2011-03-10,30
2011-03-11,27
2011-03-12,29
2011-03-13,33
2011-03-14,39
2011-03-15,43
2011-03-16,50
2011-03-17,54
2011-03-18,52
2011-03-19,52
2011-03-20,51
2011-03-21,45
2011-03-22,39
2011-03-23,40
2011-03-24,41
2011-03-25,44
2011-03-26,50
2011-03-27,50
2011-03-28,50
2011-03-29,51
2011-03-30,52
2011-03-31,52
2011-04-01,56
2011-04-02,53
2011-04-03,51
2011-04-04,49
2011-04-05,47
2011-04-06,47
2011-04-07,49
2011-04-08,51
2011-04-09,51
2011-04-10,42
2011-04-11,39
2011-04-12,37
2011-04-13,54
2011-04-14,51
2011-04-15,47
2011-04-16,51
2011-04-17,50
2011-04-18,51
2011-04-19,48
2011-04-20,47
2011-04-21,45
2011-04-22,48
2011-04-23,51
2011-04-24,47
2011-04-25,53
2011-04-26,56
2011-04-27,57
2011-04-28,57
2011-04-29,55
2011-04-30,57
2011-05-01,58
2011-05-02,59
2011-05-03,61
2011-05-04,62
2011-05-05,55
2011-05-06,51
2011-05-07,49
2011-05-08,52
2011-05-09,55
2011-05-10,55
2011-05-11,53
2011-05-12,51
2011-05-13,53
2011-05-14,55
2011-05-15,58
2011-05-16,62
2011-05-17,65
2011-05-18,66
2011-05-19,62
2011-05-20,55
2011-05-21,58
2011-05-22,60
2011-05-23,63
2011-05-24,65
2011-05-25,64
2011-05-26,65
2011-05-27,66
2011-05-28,63
2011-05-29,62
2011-05-30,63
2011-05-31,63
2011-06-01,64
2011-06-02,62
2011-06-03,64
2011-06-04,67
2011-06-05,69
2011-06-06,69
2011-06-07,70
2011-06-08,73
2011-06-09,76
2011-06-10,67
2011-06-11,63
2011-06-12,63
2011-06-13,62
2011-06-14,62
2011-06-15,67
2011-06-16,64
2011-06-17,67
2011-06-18,67
2011-06-19,68
2011-06-20,72
2011-06-21,73
2011-06-22,70
2011-06-23,69
2011-06-24,71
2011-06-25,76
2011-06-26,63
2011-06-27,58
2011-06-28,61
2011-06-29,64
2011-06-30,65
2011-07-01,71
2011-07-02,69
2011-07-03,73
2011-07-04,74
2011-07-05,71
2011-07-06,72
2011-07-07,75
2011-07-08,77
2011-07-09,80
2011-07-10,77
2011-07-11,76
2011-07-12,75
2011-07-13,75
2011-07-14,76
2011-07-15,74
2011-07-16,75
2011-07-17,76
2011-07-18,78
2011-07-19,76
2011-07-20,79
2011-07-21,83
2011-07-22,79
2011-07-23,76
2011-07-24,78
2011-07-25,79
2011-07-26,81
2011-07-27,83
2011-07-28,84
2011-07-29,83
2011-07-30,84
2011-07-31,83
2011-08-01,84
2011-08-02,78
2011-08-03,75
2011-08-04,75
2011-08-05,75
2011-08-06,75
2011-08-07,75
2011-08-08,78
2011-08-09,80
2011-08-10,81
2011-08-11,75
2011-08-12,65
2011-08-13,70
2011-08-14,74
2011-08-15,74
2011-08-16,75
2011-08-17,75
2011-08-18,73
2011-08-19,71
2011-08-20,72
2011-08-21,73
2011-08-22,73
2011-08-23,73
2011-08-24,70
2011-08-25,72
2011-08-26,71
2011-08-27,71
2011-08-28,72
2011-08-29,74
2011-08-30,75
2011-08-31,69
2011-09-01,70
2011-09-02,72
2011-09-03,71
2011-09-04,70
2011-09-05,69
2011-09-06,71
2011-09-07,70
2011-09-08,71
2011-09-09,71
2011-09-10,69
2011-09-11,68
2011-09-12,69
2011-09-13,71
2011-09-14,72
2011-09-15,71
2011-09-16,73
2011-09-17,71
2011-09-18,68
2011-09-19,69
2011-09-20,67
2011-09-21,71
2011-09-22,70
2011-09-23,65
2011-09-24,63
2011-09-25,64
2011-09-26,61
2011-09-27,58
2011-09-28,60
2011-09-29,62
2011-09-30,56
2011-10-01,53
2011-10-02,56
2011-10-03,57
2011-10-04,55
2011-10-05,58
2011-10-06,60
2011-10-07,60
2011-10-08,62
2011-10-09,61
2011-10-10,63
2011-10-11,62
2011-10-12,55
2011-10-13,52
2011-10-14,53
2011-10-15,55
2011-10-16,47
2011-10-17,49
2011-10-18,42
2011-10-19,42
2011-10-20,46
2011-10-21,49
2011-10-22,52
2011-10-23,50
2011-10-24,49
2011-10-25,52
2011-10-26,49
2011-10-27,44
2011-10-28,44
2011-10-29,44
2011-10-30,41
2011-10-31,41
2011-11-01,43
2011-11-02,45
2011-11-03,42
2011-11-04,46
2011-11-05,44
2011-11-06,44
2011-11-07,43
2011-11-08,40
2011-11-09,43
2011-11-10,45
2011-11-11,42
2011-11-12,33
2011-11-13,33
2011-11-14,35
2011-11-15,36
2011-11-16,39
2011-11-17,38
2011-11-18,39
2011-11-19,39
2011-11-20,37
2011-11-21,35
2011-11-22,35
2011-11-23,36
2011-11-24,36
2011-11-25,31
2011-11-26,31
2011-11-27,29
2011-11-28,33
2011-11-29,36
2011-11-30,33
2011-12-01,34
2011-12-02,33
2011-12-03,33
2011-12-04,36
2011-12-05,37
2011-12-06,42
2011-12-07,46
2011-12-08,43
2011-12-09,36
2011-12-10,33
2011-12-11,36
2011-12-12,41
2011-12-13,41
2011-12-14,43
2011-12-15,41
2011-12-16,39
2011-12-17,45
2011-12-18,52
2011-12-19,50
2011-12-20,50
2011-12-21,46
2011-12-22,44
2011-12-23,41
2011-12-24,35
2011-12-25,33
2011-12-26,34
2011-12-27,32
2011-12-28,29
2011-12-29,29
2011-12-30,31
2011-12-31,36
2012-01-01,36
2012-01-02,32
2012-01-03,30
2012-01-04,31
2012-01-05,30
2012-01-06,37
2012-01-07,49
2012-01-08,42
2012-01-09,35
2012-01-10,33
2012-01-11,39
2012-01-12,38
2012-01-13,35
2012-01-14,34
2012-01-15,29
2012-01-16,24
2012-01-17,20
2012-01-18,17
2012-01-19,17
2012-01-20,20
2012-01-21,27
2012-01-22,31
2012-01-23,31
2012-01-24,29
2012-01-25,34
2012-01-26,36
2012-01-27,31
2012-01-28,29
2012-01-29,27
2012-01-30,24
2012-01-31,20
2012-02-01,14
2012-02-02,16
2012-02-03,26
2012-02-04,31
2012-02-05,28
2012-02-06,28
2012-02-07,34
2012-02-08,35
2012-02-09,28
2012-02-10,28
2012-02-11,26
2012-02-12,23
2012-02-13,28
2012-02-14,33
2012-02-15,37
2012-02-16,34
2012-02-17,30
2012-02-18,26
2012-02-19,22
2012-02-20,22
2012-02-21,23
2012-02-22,27
2012-02-23,27
2012-02-24,27
2012-02-25,36
2012-02-26,41
2012-02-27,41
2012-02-28,31
2012-02-29,25
2012-03-01,28
2012-03-02,30
2012-03-03,31
2012-03-04,29
2012-03-05,32
2012-03-06,34
2012-03-07,33
2012-03-08,36
2012-03-09,40
2012-03-10,33
2012-03-11,34
2012-03-12,37
2012-03-13,40
2012-03-14,37
2012-03-15,35
2012-03-16,30
2012-03-17,33
2012-03-18,39
2012-03-19,44
2012-03-20,48
2012-03-21,48
2012-03-22,45
2012-03-23,45
2012-03-24,49
2012-03-25,51
2012-03-26,49
2012-03-27,39
2012-03-28,36
2012-03-29,41
2012-03-30,47
2012-03-31,43
2012-04-01,51
2012-04-02,47
2012-04-03,49
2012-04-04,56
2012-04-05,58
2012-04-06,60
2012-04-07,59
2012-04-08,62
2012-04-09,57
2012-04-10,49
2012-04-11,48
2012-04-12,53
2012-04-13,58
2012-04-14,60
2012-04-15,56
2012-04-16,56
2012-04-17,63
2012-04-18,64
2012-04-19,53
2012-04-20,58
2012-04-21,58
2012-04-22,55
2012-04-23,59
2012-04-24,62
2012-04-25,64
2012-04-26,67
2012-04-27,65
2012-04-28,67
2012-04-29,69
2012-04-30,69
2012-05-01,70
2012-05-02,69
2012-05-03,66
2012-05-04,67
2012-05-05,64
2012-05-06,62
2012-05-07,63
2012-05-08,67
2012-05-09,69
2012-05-10,64
2012-05-11,58
2012-05-12,62
2012-05-13,59
2012-05-14,59
2012-05-15,65
2012-05-16,58
2012-05-17,63
2012-05-18,66
2012-05-19,62
2012-05-20,59
2012-05-21,61
2012-05-22,67
2012-05-23,65
2012-05-24,57
2012-05-25,57
2012-05-26,60
2012-05-27,65
2012-05-28,62
2012-05-29,57
2012-05-30,63
2012-05-31,60
2012-06-01,64
2012-06-02,69
2012-06-03,72
2012-06-04,70
2012-06-05,72
2012-06-06,70
2012-06-07,60
2012-06-08,66
2012-06-09,71
2012-06-10,76
2012-06-11,79
2012-06-12,81
2012-06-13,82
2012-06-15,84
2012-06-16,80
2012-06-17,76
2012-06-18,75
2012-06-19,74
2012-06-22,78
2012-06-23,79
2012-06-24,79
2012-06-25,79
2012-06-26,79
2012-06-27,76
2012-06-28,72
2012-06-29,72
2012-06-30,74
2012-07-01,71
2012-07-02,67
2012-07-03,71
2012-07-04,74
2012-07-05,75
2012-07-06,76
2012-07-07,78
2012-07-08,72
2012-07-09,73
2012-07-10,74
2012-07-11,74
2012-07-12,79
2012-07-13,77
2012-07-14,81
2012-07-15,81
2012-07-16,85
2012-07-17,84
2012-07-18,79
2012-07-19,79
2012-07-20,81
2012-07-21,83
2012-07-22,84
2012-07-23,86
2012-07-24,89
2012-07-25,90
2012-07-26,91
2012-07-27,93
2012-07-28,86
2012-07-29,82
2012-07-30,80
2012-07-31,79
2012-08-01,77
2012-08-02,78
2012-08-03,77
2012-08-04,76
2012-08-05,76
2012-08-06,76
2012-08-07,77
2012-08-08,76
2012-08-09,77
2012-08-10,78
2012-08-11,77
2012-08-12,76
2012-08-13,72
2012-08-14,75
2012-08-15,74
2012-08-16,74
2012-08-17,74
2012-08-18,73
2012-08-19,70
2012-08-20,70
2012-08-21,72
2012-08-22,76
2012-08-23,76
2012-08-24,76
2012-08-25,78
2012-08-26,81
2012-08-27,82
2012-08-28,72
2012-08-29,67
2012-08-30,68
2012-08-31,70
2012-09-01,71
2012-09-02,71
2012-09-03,73
2012-09-04,74
2012-09-05,78
2012-09-06,78
2012-09-07,77
2012-09-08,71
2012-09-09,68
2012-09-10,65
2012-09-11,64
2012-09-12,67
2012-09-13,72
2012-09-14,71
2012-09-15,74
2012-09-16,78
2012-09-17,78
2012-09-18,77
2012-09-19,72
2012-09-20,69
2012-09-21,70
2012-09-22,62
2012-09-23,64
2012-09-24,67
2012-09-25,69
2012-09-26,70
2012-09-27,74
2012-09-28,74
2012-09-29,75
2012-09-30,76
2012-10-01,76
2012-10-02,76
2012-10-03,70
2012-10-04,64
2012-10-05,64
2012-10-06,66
2012-10-07,67
2012-10-08,65
2012-10-09,58
2012-10-10,61
2012-10-11,56
2012-10-12,57
2012-10-13,58
2012-10-14,61
2012-10-15,63
2012-10-16,65
2012-10-17,67
2012-10-18,67
2012-10-19,62
2012-10-20,61
2012-10-21,61
2012-10-22,58
2012-10-23,60
2012-10-24,59
2012-10-25,56
2012-10-26,54
2012-10-27,56
2012-10-28,58
2012-10-29,63
2012-10-30,59
2012-10-31,56
2012-11-01,59
2012-11-02,62
2012-11-03,60
2012-11-04,58
2012-11-05,59
2012-11-06,59
2012-11-07,60
2012-11-08,48
2012-11-09,48
2012-11-10,47
2012-11-11,50
2012-11-12,52
2012-11-13,49
2012-11-14,48
2012-11-15,48
2012-11-16,45
2012-11-17,45
2012-11-18,44
2012-11-19,43
2012-11-20,41
2012-11-21,40
2012-11-22,41
2012-11-23,45
2012-11-24,44
2012-11-25,41
2012-11-26,41
2012-11-27,41
2012-11-28,41
2012-11-29,47
2012-11-30,50
2012-12-01,52
2012-12-02,54
2012-12-03,52
2012-12-04,39
2012-12-05,38
2012-12-06,38
2012-12-07,41
2012-12-08,37
2012-12-09,41
2012-12-10,44
2012-12-11,40
2012-12-12,41
2012-12-13,36
2012-12-14,26
2012-12-15,31
2012-12-16,33
2012-12-17,35
2012-12-18,39
2012-12-19,46
2012-12-20,41
2012-12-21,32
2012-12-22,36
2012-12-23,38
2012-12-24,39
2012-12-25,37
2012-12-26,35
2012-12-27,37
2012-12-28,42
2012-12-29,44
2012-12-30,41
2012-12-31,39
2013-01-01,35
2013-01-02,35
2013-01-03,36
2013-01-04,37
2013-01-05,35
2013-01-06,34
2013-01-07,31
2013-01-08,27
2013-01-09,26
2013-01-10,26
2013-01-11,29
2013-01-12,39
2013-01-13,40
2013-01-14,36
2013-01-15,34
2013-01-16,35
2013-01-17,43
2013-01-18,45
2013-01-19,40
2013-01-20,44
2013-01-21,49
2013-01-22,49
2013-01-23,45
2013-01-24,45
2013-01-25,43
2013-01-26,43
2013-01-27,43
2013-01-28,41
2013-02-20,38
2013-02-22,39
2013-02-23,43
2013-02-25,49
2013-02-26,50
2013-02-27,46
2013-02-28,41
2013-03-01,40
2013-03-02,42
2013-03-03,45
2013-03-04,43
2013-03-05,33
2013-03-06,34
2013-03-07,42
2013-03-08,47
2013-03-09,49
2013-03-10,50
2013-03-11,50
2013-03-12,51
2013-03-13,51
2013-03-14,57
2013-03-15,64
2013-03-16,46
2013-03-17,35
2013-03-18,37
2013-03-19,47
2013-03-20,50
2013-03-21,54
2013-03-22,49
2013-03-23,35
2013-03-24,41
2013-03-25,51
2013-03-26,54
2013-03-27,52
2013-03-28,50
2013-03-29,49
2013-03-30,56
2013-03-31,60
2013-04-01,60
2013-04-02,55
2013-04-03,57
2013-04-04,52
2013-04-05,55
2013-04-06,63
2013-04-07,67
2013-04-08,54
2013-04-09,50
2013-04-10,49
2013-04-11,52
2013-04-12,52
2013-04-13,56
2013-04-14,56
2013-04-15,50
2013-04-16,48
2013-04-17,47
2013-04-18,45
2013-04-19,51
2013-04-20,52
2013-04-21,49
2013-04-22,50
2013-04-23,54
2013-04-24,56
2013-04-25,58
2013-04-26,61
2013-04-27,65
2013-04-28,67
2013-04-29,69
2013-04-30,71
2013-05-01,71
2013-05-02,71
2013-05-03,71
2013-05-04,72
2013-05-05,69
2013-05-06,69
2013-05-07,70
2013-05-08,70
2013-05-09,69
2013-05-10,62
2013-05-11,58
2013-05-12,60
2013-05-13,60
2013-05-14,54
2013-05-15,56
2013-05-16,61
2013-05-17,64
2013-05-18,70
2013-05-19,69
2013-05-20,68
2013-05-21,70
2013-05-22,71
2013-05-23,72
2013-05-24,75
2013-05-25,67
2013-05-26,68
2013-05-27,68
2013-05-28,66
2013-05-29,68
2013-05-30,71
2013-05-31,74
2013-06-01,68
2013-06-02,71
2013-06-03,61
2013-06-04,65
2013-06-05,65
2013-06-06,61
2013-06-07,65
2013-06-08,66
2013-06-09,62
2013-06-10,66
2013-06-11,71
2013-06-12,72
2013-06-13,69
2013-06-14,69
2013-06-15,65
2013-06-16,67
2013-06-17,67
2013-06-18,71
2013-06-19,73
2013-06-20,71
2013-06-21,69
2013-06-22,72
2013-06-23,76
2013-06-24,79
2013-06-25,80
2013-06-26,81
2013-06-27,81
2013-06-28,82
2013-06-29,83
2013-06-30,81
2013-07-01,69
2013-07-02,64
2013-07-03,69
2013-07-04,73
2013-07-05,78
2013-07-06,78
2013-07-07,79
2013-07-08,82
2013-07-09,80
2013-07-10,78
2013-07-11,76
2013-07-12,80
2013-07-13,77
2013-07-14,78
2013-07-15,75
2013-07-16,74
2013-07-17,72
2013-07-18,68
2013-07-19,73
2013-07-20,74
2013-07-21,74
2013-07-22,71
2013-07-23,71
2013-07-24,74
2013-07-25,74
2013-07-26,72
2013-07-27,70
2013-07-28,71
2013-07-29,73
2013-07-30,76
2013-07-31,78
2013-08-01,74
2013-08-02,74
2013-08-03,74
2013-08-04,72
2013-08-05,72
2013-08-06,74
2013-08-07,74
2013-08-08,75
2013-08-09,75
2013-08-10,74
2013-08-11,78
2013-08-12,77
2013-08-13,77
2013-08-14,78
2013-08-15,78
2013-08-16,76
2013-08-17,75
2013-08-18,75
2013-08-19,75
2013-08-20,74
2013-08-21,74
2013-08-22,76
2013-08-23,77
2013-08-24,72
2013-08-25,74
2013-08-26,78
2013-08-27,79
2013-08-28,80
2013-08-29,80
2013-08-30,78
2013-08-31,69
2013-09-01,69
2013-09-02,70
2013-09-03,70
2013-09-04,60
2013-09-05,58
2013-09-06,61
2013-09-07,64
2013-09-08,64
2013-09-09,63
2013-09-10,66
2013-09-11,69
2013-09-12,71
2013-09-13,74
2013-09-14,71
2013-09-15,62
2013-09-16,64
2013-09-17,64
2013-09-18,67
2013-09-19,68
2013-09-20,69
2013-09-21,63
2013-09-22,57
2013-09-23,57
2013-09-24,58
2013-09-25,60
2013-09-26,64
2013-09-27,66
2013-09-28,65
2013-09-29,62
2013-09-30,65
2013-10-01,66
2013-10-02,57
2013-10-03,49
2013-10-04,43
2013-10-05,42
2013-10-06,43
2013-10-07,44
2013-10-08,48
2013-10-09,54
2013-10-10,57
2013-10-11,61
2013-10-12,61
2013-10-13,60
2013-10-14,56
2013-10-15,55
2013-10-16,61
2013-10-17,59
2013-10-18,51
2013-10-19,48
2013-10-20,46
2013-10-21,47
2013-10-22,50
2013-10-23,55
2013-10-24,53
2013-10-25,51
2013-10-26,52
2013-10-27,51
2013-10-28,51
2013-10-29,54
2013-10-30,56
2013-10-31,57
2013-11-01,58
2013-11-02,53
2013-11-03,54
2013-11-04,54
2013-11-05,54
2013-11-06,53
2013-11-07,53
2013-11-08,47
2013-11-09,44
2013-11-10,42
2013-11-11,46
2013-11-12,47
2013-11-13,47
2013-11-14,46
2013-11-15,46
2013-11-16,43
2013-11-17,39
2013-11-18,41
2013-11-19,44
2013-11-20,45
2013-11-21,47
2013-11-22,49
2013-11-23,51
2013-11-24,50
2013-11-25,51
2013-11-26,49
2013-11-27,47
2013-11-28,42
2013-11-29,38
2013-11-30,37
2013-12-01,37
2013-12-02,45
2013-12-03,35
2013-12-04,29
2013-12-05,30
2013-12-06,32
2013-12-07,31
2013-12-08,25
2013-12-09,26
2013-12-10,31
2013-12-11,23
2013-12-12,21
2013-12-13,21
2013-12-14,22
2013-12-15,30
2013-12-16,32
2013-12-17,33
2013-12-18,28
2013-12-19,27
2013-12-20,27
2013-12-21,24
2013-12-22,23
2013-12-23,20
2013-12-24,22
2013-12-25,29
2013-12-26,33
2013-12-27,35
2013-12-28,40
2013-12-29,42
2013-12-30,46
2013-12-31,39
2014-01-01,33
2014-01-02,33
2014-01-03,34
2014-01-04,39
2014-01-05,35
2014-01-06,33
2014-01-07,31
2014-01-08,30
2014-01-09,29
2014-01-10,28
2014-01-11,30
2014-01-12,30
2014-01-13,36
2014-01-14,33
2014-01-15,37
2014-01-16,40
2014-01-17,43
2014-01-18,43
2014-01-19,43
2014-01-20,42
2014-01-21,45
2014-01-22,42
2014-01-23,42
2014-01-24,43
2014-01-25,41
2014-01-26,42
2014-01-27,46
2014-01-28,43
2014-01-29,44
2014-01-30,39
2014-01-31,36
2014-02-01,34
2014-02-02,33
2014-02-03,32
2014-02-04,31
2014-02-05,32
2014-02-06,35
2014-02-07,36
2014-02-08,40
2014-02-09,42
2014-02-10,46
2014-02-11,45
2014-02-12,47
2014-02-13,49
2014-02-14,48
2014-02-15,44
2014-02-16,45
2014-02-17,44
2014-02-18,48
2014-02-19,49
2014-02-20,50
2014-02-21,50
2014-02-22,52
2014-02-23,50
2014-02-24,47
2014-02-25,42
2014-02-26,42
2014-02-27,40
2014-02-28,39
2014-03-01,45
2014-03-02,52
2014-03-03,50
2014-03-04,50
2014-03-05,49
2014-03-06,49
2014-03-07,48
2014-03-08,47
2014-03-09,49
2014-03-10,46
2014-03-11,40
2014-03-12,39
2014-03-13,38
2014-03-14,40
2014-03-15,44
2014-03-16,47
2014-03-17,47
2014-03-18,47
2014-03-19,49
2014-03-20,46
2014-03-21,47
2014-03-22,51
2014-03-23,55
2014-03-24,58
2014-03-25,56
2014-03-26,49
2014-03-27,51
2014-03-28,52
2014-03-29,44
2014-03-30,33
2014-03-31,42
2014-04-01,50
2014-04-02,50
2014-04-03,49
2014-04-04,52
2014-04-05,58
2014-04-06,61
2014-04-07,62
2014-04-08,50
2014-04-09,50
2014-04-10,55
2014-04-11,53
2014-04-12,49
2014-04-13,49
2014-04-14,50
2014-04-15,54
2014-04-16,58
2014-04-17,63
2014-04-18,60
2014-04-19,53
2014-04-20,54
2014-04-21,56
2014-04-22,59
2014-04-23,63
2014-04-24,65
2014-04-25,67
2014-04-26,62
2014-04-27,61
2014-04-28,56
2014-04-29,53
2014-04-30,54
2014-05-01,53
2014-05-02,53
2014-05-03,59
2014-05-04,63
2014-05-05,54
2014-05-06,56
2014-05-07,56
2014-05-08,58
2014-05-09,62
2014-05-10,59
2014-05-11,54
2014-05-12,58
2014-05-13,62
2014-05-14,65
2014-05-15,72
2014-05-16,69
2014-05-17,65
2014-05-18,59
2014-05-19,60
2014-05-20,63
2014-05-21,62
2014-05-22,61
2014-05-23,63
2014-05-24,60
2014-05-25,62
2014-05-26,65
2014-05-27,69
2014-05-28,70
2014-05-29,66
2014-05-30,60
2014-05-31,61
2014-06-01,56
2014-06-02,59
2014-06-03,60
2014-06-04,68
2014-06-05,64
2014-06-06,58
2014-06-07,60
2014-06-08,62
2014-06-09,66
2014-06-10,69
2014-06-11,69
2014-06-12,63
2014-06-13,65
2014-06-14,70
2014-06-15,71
2014-06-16,67
2014-06-17,71
2014-06-18,72
2014-06-19,73
2014-06-20,67
2014-06-21,65
2014-06-22,65
2014-06-23,67
2014-06-24,69
2014-06-25,72
2014-06-26,77
2014-06-27,78
2014-06-28,73
2014-06-29,70
2014-06-30,75
2014-07-01,79
2014-07-02,79
2014-07-03,78
2014-07-04,71
2014-07-05,68
2014-07-06,72
2014-07-07,76
2014-07-08,76
2014-07-09,77
2014-07-10,82
2014-07-11,84
2014-07-12,81
2014-07-13,78
2014-07-14,78
2014-07-15,81
2014-07-16,81
2014-07-17,78
2014-07-18,78
2014-07-19,75
2014-07-20,71
2014-07-21,72
2014-07-22,77
2014-07-23,83
2014-07-24,81
2014-07-25,78
2014-07-26,77
2014-07-27,77
2014-07-28,80
2014-07-29,82
2014-07-30,82
2014-07-31,80
2014-08-01,84
2014-08-02,85
2014-08-03,76
2014-08-04,74
2014-08-05,73
2014-08-06,76
2014-08-07,76
2014-08-08,73
2014-08-09,74
2014-08-10,76
2014-08-11,78
2014-08-12,80
2014-08-13,78
2014-08-14,80
2014-08-15,82
2014-08-16,81
2014-08-17,84
2014-08-18,78
2014-08-19,73
2014-08-20,77
2014-08-21,80
2014-08-22,78
2014-08-23,78
2014-08-24,78
2014-08-25,81
2014-08-26,81
2014-08-27,84
2014-08-28,82
2014-08-29,74
2014-08-30,73
2014-08-31,76
2014-09-01,82
2014-09-02,82
2014-09-03,80
2014-09-04,80
2014-09-05,81
2014-09-06,76
2014-09-07,72
2014-09-08,66
2014-09-09,68
2014-09-10,63
2014-09-11,68
2014-09-12,71
2014-09-13,72
2014-09-14,67
2014-09-15,68
2014-09-16,69
2014-09-17,63
2014-09-18,61
2014-09-19,61
2014-09-20,60
2014-09-21,59
2014-09-22,64
2014-09-23,67
2014-09-24,56
2014-09-25,56
2014-09-26,59
2014-09-27,62
2014-09-28,55
2014-09-29,56
2014-09-30,55
2014-10-01,57
2014-10-02,58
2014-10-03,56
2014-10-04,57
2014-10-05,60
2014-10-06,62
2014-10-07,61
2014-10-08,62
2014-10-09,61
2014-10-10,62
2014-10-11,64
2014-10-12,60
2014-10-13,57
2014-10-14,57
2014-10-15,56
2014-10-16,56
2014-10-17,56
2014-10-18,56
2014-10-19,47
2014-10-20,43
2014-10-21,48
2014-10-22,53
2014-10-23,56
2014-10-24,53
2014-10-25,55
2014-10-26,56
2014-10-27,54
2014-10-28,55
2014-10-29,54
2014-10-30,52
2014-10-31,49
2014-11-01,46
2014-11-02,43
2014-11-03,38
2014-11-04,39
2014-11-05,42
2014-11-06,44
2014-11-07,45
2014-11-08,48
2014-11-09,51
2014-11-10,54
2014-11-11,53
2014-11-12,51
2014-11-13,51
2014-11-14,54
2014-11-15,53
2014-11-16,53
2014-11-17,49
2014-11-18,50
2014-11-19,51
2014-11-20,48
2014-11-21,45
2014-11-22,42
2014-11-23,42
2014-11-24,40
2014-11-25,38
2014-11-26,41
2014-11-27,41
2014-11-28,40
2014-11-29,41
2014-11-30,43
2014-12-01,47
2014-12-02,47
2014-12-03,48
2014-12-04,46
2014-12-05,48
2014-12-06,47
2014-12-07,47
2014-12-08,48
2014-12-09,49
2014-12-10,49
2014-12-11,46
2014-12-12,46
2014-12-13,45
2014-12-14,42
2014-12-15,39
2014-12-16,36
2014-12-19,42
2014-12-20,38
2014-12-21,37
2014-12-22,34
2014-12-23,34
2014-12-24,38
2014-12-25,38
2014-12-26,37
2014-12-27,43
2014-12-28,40
2014-12-29,49
2014-12-30,42
2014-12-31,41
2015-01-01,40
2015-01-02,37
2015-01-03,35
2015-01-04,35
2015-01-05,33
2015-01-06,28
2015-01-07,24
2015-01-08,16
2015-01-09,13
2015-01-10,19
2015-01-11,26
2015-01-12,36
2015-01-13,35
2015-01-14,33
2015-01-15,33
2015-01-16,35
2015-01-17,35
2015-01-18,32
2015-01-19,31
2015-01-20,33
2015-01-21,37
2015-01-22,37
2015-01-23,37
2015-01-24,40
2015-01-25,38
2015-01-26,40
2015-01-27,41
2015-01-28,42
2015-01-29,42
2015-01-30,43
2015-01-31,48
2015-02-01,52
2015-02-02,51
2015-02-03,42
2015-02-04,39
2015-02-05,43
2015-02-06,46
2015-02-07,44
2015-02-08,37
2015-02-09,37
2015-02-10,32
2015-02-11,32
2015-02-12,36
2015-02-13,38
2015-02-14,38
2015-02-15,39
2015-02-16,36
2015-02-17,29
2015-02-18,24
2015-02-19,28
2015-02-20,29
2015-02-21,27
2015-02-22,29
2015-02-23,34
2015-02-24,39
2015-02-25,42
2015-02-26,44
2015-02-27,50
2015-02-28,47
2015-03-01,45
2015-03-02,42
2015-03-03,42
2015-03-04,37
2015-03-05,37
2015-03-06,44
2015-03-07,49
2015-03-08,52
2015-03-09,55
2015-03-10,59
2015-03-11,52
2015-03-12,41
2015-03-13,41
2015-03-14,45
2015-03-15,43
2015-03-16,43
2015-03-17,41
2015-03-18,40
2015-03-19,36
2015-03-20,35
2015-03-21,38
2015-03-22,42
2015-03-23,44
2015-03-24,44
2015-03-25,45
2015-03-26,51
2015-03-27,53
2015-03-28,49
2015-03-29,50
2015-03-30,50
2015-03-31,47
2015-04-01,51
2015-04-02,44
2015-04-03,41
2015-04-04,37
2015-04-05,43
2015-04-06,52
2015-04-07,49
2015-04-08,43
2015-04-09,39
2015-04-10,36
2015-04-11,38
2015-04-12,43
2015-04-13,48
2015-04-14,49
2015-04-15,51
2015-04-16,52
2015-04-17,57
2015-04-18,60
2015-04-19,58
2015-04-20,47
2015-04-21,42
2015-04-22,40
2015-04-23,41
2015-04-24,45
2015-04-25,53
2015-04-26,53
2015-04-27,56
2015-04-28,63
2015-04-29,64
2015-04-30,59
2015-05-01,56
2015-05-02,57
2015-05-03,55
2015-05-04,57
2015-05-05,61
2015-05-06,63
2015-05-07,64
2015-05-08,60
2015-05-09,59
2015-05-10,58
2015-05-11,58
2015-05-12,59
2015-05-13,57
2015-05-14,59
2015-05-15,63
2015-05-16,68
2015-05-17,71
2015-05-18,72
2015-05-19,74
2015-05-20,77
2015-05-21,67
2015-05-22,69
2015-05-23,65
2015-05-24,69
2015-05-25,65
2015-05-26,67
2015-05-27,60
2015-05-28,59
2015-05-29,56
2015-05-30,54
2015-05-31,59
2015-06-01,64
2015-06-02,67
2015-06-03,63
2015-06-04,58
2015-06-05,60
2015-06-06,61
2015-06-07,67
2015-06-08,68
2015-06-09,66
2015-06-10,66
2015-06-11,63
2015-06-12,63
2015-06-13,66
2015-06-14,67
2015-06-15,67
2015-06-16,65
2015-06-17,67
2015-06-18,68
2015-06-19,66
2015-06-20,65
2015-06-21,70
2015-06-22,69
2015-06-23,66
2015-06-24,63
2015-06-25,66
2015-06-26,67
2015-06-27,62
2015-06-28,63
2015-06-29,65
2015-06-30,65
2015-07-01,70
2015-07-02,71
2015-07-03,70
2015-07-04,71
2015-07-05,74
2015-07-06,73
2015-07-07,73
2015-07-08,74
2015-07-09,75
2015-07-10,78
2015-07-11,75
2015-07-12,72
2015-07-13,71
2015-07-14,73
2015-07-15,73
2015-07-16,73
2015-07-17,72
2015-07-18,73
2015-07-19,73
2015-07-20,75
2015-07-21,79
2015-07-22,76
2015-07-23,76
2015-07-24,83
2015-07-25,83
2015-07-26,82
2015-07-27,79
2015-07-28,81
2015-07-29,83
2015-07-30,85
2015-07-31,83
2015-08-01,80
2015-08-02,79
2015-08-03,76
2015-08-04,79
2015-08-05,78
2015-08-06,78
2015-08-07,77
2015-08-08,79
2015-08-09,80
2015-08-10,81
2015-08-11,77
2015-08-12,77
2015-08-13,79
2015-08-14,79
2015-08-15,77
2015-08-16,76
2015-08-17,78
2015-08-18,80
2015-08-19,81
2015-08-20,81
2015-08-21,74
2015-08-22,77
2015-08-23,75
2015-08-24,70
2015-08-25,68
2015-08-26,67
2015-08-27,70
2015-08-28,71
2015-08-29,71
2015-08-30,72
2015-08-31,73
2015-09-01,73
2015-09-02,76
2015-09-03,77
2015-09-04,80
2015-09-05,77
2015-09-06,76
2015-09-07,78
2015-09-08,75
2015-09-09,73
2015-09-10,76
2015-09-11,80
2015-09-12,79
2015-09-15,79
2015-09-16,77
2015-09-17,76
2015-09-18,74
2015-09-19,74
2015-09-20,75
2015-09-21,70
2015-09-22,71
2015-09-23,71
2015-09-24,70
2015-09-25,71
2015-09-26,73
2015-09-27,74
2015-09-28,75
2015-09-29,72
2015-09-30,61
2015-10-01,63
2015-10-02,65
2015-10-03,65
2015-10-04,66
2015-10-05,66
2015-10-06,58
2015-10-07,57
2015-10-08,58
2015-10-09,58
2015-10-10,58
2015-10-11,62
2015-10-12,65
2015-10-13,62
2015-10-14,59
2015-10-15,60
2015-10-16,61
2015-10-17,62
2015-10-18,63
2015-10-19,62
2015-10-20,61
2015-10-21,60
2015-10-22,60
2015-10-23,60
2015-10-24,58
2015-10-25,52
2015-10-26,50
2015-10-27,49
2015-10-28,48
2015-10-29,45
2015-10-30,47
2015-10-31,49
2015-11-01,47
2015-11-02,46
2015-11-03,47
2015-11-04,50
2015-11-05,50
2015-11-06,51
2015-11-07,51
2015-11-08,46
2015-11-09,45
2015-11-10,47
2015-11-11,49
2015-11-12,51
2015-11-13,50
2015-11-14,47
2015-11-15,46
2015-11-16,45
2015-11-17,45
2015-11-18,40
2015-11-19,44
2015-11-20,44
2015-11-21,49
2015-11-22,52
2015-11-23,50
2015-11-24,49
2015-11-25,48
2015-11-26,50
2015-11-27,52
2015-11-28,51
2015-11-29,47
2015-11-30,42
2015-12-01,39
2015-12-02,36
2015-12-03,33
2015-12-04,34
2015-12-05,31
2015-12-06,31
2015-12-07,36
2015-12-08,39
2015-12-09,40
2015-12-10,38
2015-12-11,36
2015-12-12,37
2015-12-13,34
2015-12-14,33
2015-12-15,30
2015-12-16,30
2015-12-17,35
2015-12-18,33
2015-12-19,30
2015-12-20,27
2015-12-21,28
2015-12-22,27
2015-12-23,27
2015-12-24,29
2015-12-25,32
2015-12-26,29
2015-12-27,33
2015-12-28,31
2015-12-29,27
2015-12-30,27
2015-12-31,21
2016-01-01,19
2016-01-02,19
2016-01-03,26
2016-01-04,34
2016-01-05,40
2016-01-06,40
2016-01-07,47
2016-01-08,38
2016-01-09,36
2016-01-10,38
2016-01-11,45
2016-01-12,47
2016-01-15,33
2016-01-16,40
2016-01-17,46
2016-01-18,41
2016-01-19,29
2016-01-20,27
2016-01-21,30
2016-01-22,31
2016-01-23,21
2016-01-24,19
2016-01-25,16
2016-01-26,17
2016-01-27,21
2016-01-28,27
2016-01-29,33
2016-01-30,36
2016-01-31,37
2016-02-01,39
2016-02-02,41
2016-02-03,41
2016-02-04,45
2016-02-05,48
2016-02-06,35
2016-02-07,31
2016-02-08,31
2016-02-09,34
2016-02-10,38
2016-02-11,41
2016-02-12,49
2016-02-13,48
2016-02-14,50
2016-02-15,51
2016-02-16,53
2016-02-17,55
2016-02-18,56
2016-02-19,55
2016-02-20,45
2016-02-21,41
2016-02-22,38
2016-02-23,44
2016-02-24,48
2016-02-25,48
2016-02-26,53
2016-02-27,50
2016-02-28,49
2016-02-29,53
2016-03-01,56
2016-03-02,57
2016-03-03,48
2016-03-04,45
2016-03-05,39
2016-03-06,43
2016-03-07,48
2016-03-08,51
2016-03-09,55
2016-03-10,50
2016-03-11,48
2016-03-12,49
2016-03-13,54
2016-03-14,45
2016-03-15,39
2016-03-16,38
2016-03-17,37
2016-03-18,40
2016-03-19,42
2016-03-20,42
2016-03-21,43
2016-03-22,50
2016-03-23,60
2016-03-24,55
2016-03-25,48
2016-03-26,41
2016-03-27,39
2016-03-28,39
2016-03-29,41
2016-03-30,47
2016-03-31,51
2016-04-01,56
2016-04-02,57
2016-04-03,53
2016-04-04,52
2016-04-05,57
2016-04-06,60
2016-04-07,62
2016-04-08,65
2016-04-09,64
2016-04-10,58
2016-04-11,56
2016-04-12,53
2016-04-13,56
2016-04-14,58
2016-04-15,59
2016-04-16,57
2016-04-17,62
2016-04-18,64
2016-04-19,66
2016-04-20,67
2016-04-21,50
2016-04-22,51
2016-04-23,59
2016-04-24,64
2016-04-25,55
2016-04-26,52
2016-04-27,50
2016-04-28,55
2016-04-29,59
2016-04-30,60
2016-05-01,60
2016-05-02,63
2016-05-03,61
2016-05-04,52
2016-05-05,52
2016-05-06,51
2016-05-07,54
2016-05-08,57
2016-05-09,61
2016-05-10,55
2016-05-11,56
2016-05-12,61
2016-05-13,67
2016-05-14,67
2016-05-15,66
2016-05-16,62
2016-05-17,64
2016-05-18,57
2016-05-19,56
2016-05-20,59
2016-05-21,64
2016-05-22,60
2016-05-23,55
2016-05-24,59
2016-05-25,58
2016-05-26,57
2016-05-27,59
2016-05-28,58
2016-05-29,59
2016-05-30,64
2016-05-31,68
2016-06-01,70
2016-06-02,71
2016-06-03,71
2016-06-04,66
2016-06-05,65
2016-06-06,65
2016-06-07,65
2016-06-08,56
2016-06-09,58
2016-06-10,63
2016-06-11,69
2016-06-12,69
2016-06-13,75
2016-06-14,67
2016-06-15,67
2016-06-16,70
2016-06-17,73
2016-06-18,75
2016-06-19,78
2016-06-20,80
2016-06-21,80
2016-06-22,81
2016-06-23,81
2016-06-24,80
2016-06-25,80
2016-06-26,82
2016-06-27,79
2016-06-28,75
2016-06-29,71
2016-06-30,71
2016-07-01,73
2016-07-02,75
2016-07-03,77
2016-07-04,76
2016-07-05,75
2016-07-06,76
2016-07-07,75
2016-07-08,71
2016-07-09,71
2016-07-10,72
2016-07-11,72
2016-07-12,75
2016-07-13,79
2016-07-14,82
2016-07-15,82
2016-07-16,86
2016-07-17,87
2016-07-18,84
2016-07-19,76
2016-07-20,76
2016-07-21,75
2016-07-22,76
2016-07-23,76
2016-07-24,74
2016-07-25,74
2016-07-26,77
2016-07-27,79
2016-07-28,79
2016-07-29,80
2016-07-30,80
2016-07-31,79
2016-08-01,81
2016-08-02,85
2016-08-03,80
2016-08-04,80
2016-08-05,80
2016-08-06,80
2016-08-07,78
2016-08-08,81
2016-08-09,81
2016-08-10,80
2016-08-11,83
2016-08-12,83
2016-08-13,76
2016-08-14,69
2016-08-15,69
2016-08-16,71
2016-08-17,74
2016-08-18,77
2016-08-19,80
2016-08-20,84
2016-08-21,82
2016-08-22,79
2016-08-23,81
2016-08-24,78
2016-08-25,77
2016-08-26,74
2016-08-27,69
2016-08-28,73
2016-08-29,72
2016-08-30,74
2016-08-31,73
2016-09-01,71
2016-09-02,70
2016-09-03,69
2016-09-04,69
2016-09-05,71
2016-09-06,75
2016-09-07,77
2016-09-08,72
2016-09-09,74
2016-09-10,76
2016-09-11,76
2016-09-12,77
2016-09-13,71
2016-09-14,69
2016-09-15,68
2016-09-16,65
2016-09-17,64
2016-09-18,67
2016-09-19,72
2016-09-20,66
2016-09-21,61
2016-09-22,61
2016-09-23,54
2016-09-24,53
2016-09-25,54
2016-09-26,56
2016-09-27,60
2016-09-28,58
2016-09-29,57
2016-09-30,61
2016-10-01,62
2016-10-02,63
2016-10-03,66
2016-10-04,64
2016-10-05,66
2016-10-06,66
2016-10-07,65
2016-10-08,62
2016-10-09,60
2016-10-10,60
2016-10-11,62
2016-10-12,67
2016-10-13,62
2016-10-14,55
2016-10-15,51
2016-10-16,54
2016-10-17,53
2016-10-18,49
2016-10-19,48
2016-10-20,52
2016-10-21,55
2016-10-22,56
2016-10-23,56
2016-10-24,55
2016-10-25,51
2016-10-26,47
2016-10-27,52
2016-10-28,55
2016-10-29,53
2016-10-30,50
2016-10-31,42
2016-11-01,36
2016-11-02,37
2016-11-03,43
2016-11-04,48
2016-11-05,50
2016-11-06,52
2016-11-07,53
2016-11-08,55
2016-11-09,60
2016-11-10,57
2016-11-11,52
2016-11-12,51
2016-11-13,51
2016-11-14,49
2016-11-15,44
2016-11-16,37
2016-11-17,34
2016-11-18,35
2016-11-19,40
2016-11-20,42
2016-11-21,42
2016-11-22,42
2016-11-23,40
2016-11-24,38
2016-11-25,38
2016-11-26,38
2016-11-27,42
2016-11-28,47
2016-11-29,47
2016-11-30,38
2016-12-01,34
2016-12-02,33
2016-12-03,34
2016-12-04,33
2016-12-05,30
2016-12-06,29
2016-12-07,33
2016-12-08,30
2016-12-09,30
2016-12-10,36
2016-12-11,38
2016-12-12,39
2016-12-13,37
2016-12-14,26
2016-12-15,26
2016-12-16,27
2016-12-17,29
2016-12-18,25
2016-12-19,23
2016-12-20,23
2016-12-21,27
2016-12-22,32
2016-12-23,33
2016-12-24,37
2016-12-25,36
2016-12-26,33
2016-12-27,36
2016-12-28,32
2016-12-29,34
2016-12-30,31
2016-12-31,29
2017-01-01,26
2017-01-02,20
2017-01-03,19
2017-01-04,23
2017-01-05,33
2017-01-06,44
2017-01-07,38
2017-01-08,27
2017-01-09,22
2017-01-10,25
2017-01-11,35
2017-01-12,30
2017-01-13,28
2017-01-14,25
2017-01-15,32
2017-01-16,35
2017-01-17,38
2017-01-18,37
2017-01-19,35
2017-01-20,36
2017-01-21,33
2017-01-22,29
2017-01-23,28
2017-01-24,28
2017-01-25,34
2017-01-26,29
2017-01-27,25
2017-01-28,26
2017-01-29,28
2017-01-30,24
2017-01-31,21
2017-02-01,22
2017-02-02,24
2017-02-03,30
2017-02-04,37
2017-02-05,40
2017-02-06,44
2017-02-07,41
2017-02-08,42
2017-02-09,43
2017-02-10,38
2017-02-11,38
2017-02-12,29
2017-02-13,28
2017-02-14,27
2017-02-15,26
2017-02-16,29
2017-02-17,29
2017-02-18,35
2017-02-19,39
2017-02-20,42
2017-02-21,42
2017-02-22,42
2017-02-23,43
2017-02-24,48
2017-02-25,49
2017-02-26,46
2017-02-27,47
2017-02-28,53
2017-03-01,55
2017-03-02,50
2017-03-03,48
2017-03-04,45
2017-03-05,43
2017-03-06,47
2017-03-07,50
2017-03-08,50
2017-03-09,54
2017-03-10,47
2017-03-11,49
2017-03-12,44
2017-03-13,43
2017-03-14,36
2017-03-15,37
2017-03-16,40
2017-03-17,36
2017-03-18,38
2017-03-19,42
2017-03-20,46
2017-03-21,49
2017-03-22,48
2017-03-23,49
2017-03-24,51
2017-03-25,54
2017-03-26,54
2017-03-27,45
2017-03-28,44
2017-03-29,50
2017-03-30,56
2017-03-31,54
2017-04-01,53
2017-04-02,53
2017-04-03,54
2017-04-04,58
2017-04-05,61
2017-04-06,56
2017-04-07,51
2017-04-08,42
2017-04-09,40
2017-04-10,42
2017-04-11,47
2017-04-12,50
2017-04-13,49
2017-04-14,55
2017-04-15,54
2017-04-16,55
2017-04-17,57
2017-04-18,50
2017-04-19,51
2017-04-20,60
2017-04-21,45
2017-04-22,46
2017-04-23,39
2017-04-24,42
2017-04-25,47
2017-04-26,54
2017-04-27,59
2017-04-28,62
2017-04-29,64
2017-04-30,67
2017-05-01,65
2017-05-02,63
2017-05-03,63
2017-05-04,64
2017-05-05,65
2017-05-06,58
2017-05-07,54
2017-05-08,61
2017-05-09,66
2017-05-10,62
2017-05-11,61
2017-05-12,64
2017-05-13,72
2017-05-14,70
2017-05-15,60
2017-05-16,61
2017-05-17,60
2017-05-18,63
2017-05-19,54
2017-05-20,57
2017-05-21,52
2017-05-22,53
2017-05-23,55
2017-05-24,58
2017-05-25,64
2017-05-26,56
2017-05-27,56
2017-05-28,57
2017-05-29,62
2017-05-30,60
2017-05-31,57
2017-06-01,61
2017-06-02,65
2017-06-03,70
2017-06-04,67
2017-06-05,67
2017-06-06,63
2017-06-07,70
2017-06-08,72
2017-06-09,67
2017-06-10,64
2017-06-11,65
2017-06-12,69
2017-06-13,73
2017-06-14,70
2017-06-15,68
2017-06-16,67
2017-06-17,70
2017-06-18,64
2017-06-19,58
2017-06-20,59
2017-06-21,59
2017-06-22,66
2017-06-23,71
2017-06-24,73
2017-06-25,74
2017-06-26,77
2017-06-27,80
2017-06-28,78
2017-06-29,78
2017-06-30,81
2017-07-01,83
2017-07-02,84
2017-07-03,87
2017-07-04,77
2017-07-05,74
2017-07-06,73
2017-07-07,71
2017-07-08,72
2017-07-09,75
2017-07-10,78
2017-07-11,80
2017-07-12,81
2017-07-13,81
2017-07-14,79
2017-07-15,80
2017-07-16,76
2017-07-17,80
2017-07-18,79
2017-07-19,76
2017-07-20,76
2017-07-21,80
2017-07-22,78
2017-07-23,78
2017-07-24,78
2017-07-25,79
2017-07-26,83
2017-07-27,85
2017-07-28,73
2017-07-29,72
2017-07-30,75
2017-07-31,76
2017-08-01,78
2017-08-02,82
2017-08-03,82
2017-08-04,72
2017-08-05,73
2017-08-06,78
2017-08-07,79
2017-08-08,85
2017-08-09,85
2017-08-10,83
2017-08-11,81
2017-08-12,82
2017-08-13,82
2017-08-14,81
2017-08-15,76
2017-08-16,75
2017-08-17,74
2017-08-18,76
2017-08-19,77
2017-08-20,79
2017-08-21,74
2017-08-22,73
2017-08-23,71
2017-08-24,72
2017-08-25,71
2017-08-26,70
2017-08-27,71
2017-08-28,74
2017-08-29,76
2017-08-30,71
2017-08-31,66
2017-09-01,68
2017-09-02,71
2017-09-03,76
2017-09-04,78
2017-09-05,76
2017-09-06,62
2017-09-07,62
2017-09-08,69
2017-09-09,73
2017-09-10,76
2017-09-11,79
2017-09-12,79
2017-09-13,77
2017-09-14,78
2017-09-15,81
2017-09-16,84
2017-09-17,84
2017-09-18,84
2017-09-19,83
2017-09-20,79
2017-09-21,79
2017-09-22,67
2017-09-23,63
2017-09-24,65
2017-09-25,69
2017-09-26,66
2017-09-27,64
2017-09-28,65
2017-09-29,63
2017-09-30,62
2017-10-01,60
2017-10-02,55
2017-10-03,53
2017-10-04,53
2017-10-05,53
2017-10-06,57
2017-10-07,62
2017-10-08,63
2017-10-09,53
2017-10-10,54
2017-10-11,54
2017-10-12,54
2017-10-13,54
2017-10-14,53
2017-10-15,51
2017-10-16,54
2017-10-17,55
2017-10-18,56
2017-10-19,57
2017-10-20,56
2017-10-21,56
2017-10-22,56
2017-10-23,57
2017-10-24,59
2017-10-25,56
2017-10-26,53
2017-10-27,52
2017-10-28,54
2017-10-29,51
2017-10-30,45
2017-10-31,41
2017-11-01,37
2017-11-02,40
2017-11-03,42
2017-11-04,47
2017-11-05,45
2017-11-06,45
2017-11-07,46
2017-11-08,44
2017-11-09,46
2017-11-10,46
2017-11-11,45
2017-11-12,47
2017-11-13,51
2017-11-14,52
2017-11-15,53
2017-11-16,52
2017-11-17,49
2017-11-18,48
2017-11-19,50
2017-11-20,49
2017-11-21,38
2017-11-22,34
2017-11-23,40
2017-11-24,44
2017-11-25,42
2017-11-26,42
2017-11-27,45
2017-11-28,47
2017-11-29,42
2017-11-30,42
2017-12-01,43
2017-12-02,47
2017-12-03,48
2017-12-04,50
2017-12-05,40
2017-12-06,34
2017-12-07,34
2017-12-08,36
2017-12-09,36
2017-12-10,45
2017-12-11,44
2017-12-12,43
2017-12-13,43
2017-12-14,38
2017-12-15,38
2017-12-16,41
2017-12-17,49
2017-12-18,47
2017-12-19,44
2017-12-20,42
2017-12-21,41
2017-12-22,41
2017-12-23,37
2017-12-24,31
2017-12-25,31
2017-12-26,30
2017-12-27,32
2017-12-28,36
2017-12-29,45
2017-12-30,47
2017-12-31,43
2018-01-01,37
2018-01-02,39
2018-01-03,43
2018-01-04,42
2018-01-05,43
2018-01-06,41
2018-01-07,38
2018-01-08,35
2018-01-09,37
2018-01-10,38
2018-01-11,40
2018-01-12,44
2018-01-13,44
2018-01-14,37
2018-01-15,33
2018-01-16,35
2018-01-17,41
2018-01-18,39
2018-01-19,33
2018-01-20,35
2018-01-21,44
2018-01-22,44
2018-01-23,37
2018-01-24,31
2018-01-25,29
2018-01-26,30
2018-01-27,33
2018-01-28,34
2018-01-29,36
2018-01-30,38
2018-01-31,38
2018-02-01,40
2018-02-02,41
2018-02-03,46
2018-02-04,48
2018-02-05,46
2018-02-06,44
2018-02-07,47
2018-02-08,47
2018-02-09,46
2018-02-10,44
2018-02-11,49
2018-02-12,43
2018-02-13,40
2018-02-14,40
2018-02-15,39
2018-02-16,46
2018-02-17,44
2018-02-18,40
2018-02-19,41
2018-02-20,44
2018-02-21,45
2018-02-22,46
2018-02-23,47
2018-02-24,47
2018-02-25,39
2018-02-26,41
2018-02-27,44
2018-02-28,43
2018-03-01,32
2018-03-02,40
2018-03-03,51
2018-03-04,45
2018-03-05,48
2018-03-06,48
2018-03-07,54
2018-03-08,50
2018-03-09,48
2018-03-10,47
2018-03-11,48
2018-03-12,51
2018-03-13,51
2018-03-14,48
2018-03-15,47
2018-03-16,46
2018-03-17,54
2018-03-18,58
2018-03-19,58
2018-03-20,55
2018-03-21,52
2018-03-22,54
2018-03-23,62
2018-03-24,49
2018-03-25,49
2018-03-26,52
2018-03-27,56
2018-03-28,58
2018-03-29,45
2018-03-30,47
2018-03-31,51
2018-04-01,59
2018-04-02,49
2018-04-03,46
2018-04-04,51
2018-04-05,56
2018-04-06,61
2018-04-07,64
2018-04-08,60
2018-04-09,58
2018-04-10,60
2018-04-11,60
2018-04-12,62
2018-04-13,63
2018-04-14,63
2018-04-15,59
2018-04-16,56
2018-04-17,60
2018-04-18,66
2018-04-19,63
2018-04-20,49
2018-04-21,48
2018-04-22,53
2018-04-23,61
2018-04-24,62
2018-04-25,65
2018-04-26,67
2018-04-27,68
2018-04-28,67
2018-04-29,66
2018-04-30,68
2018-05-01,70
2018-05-02,66
2018-05-03,67
2018-05-04,71
2018-05-05,67
2018-05-06,59
2018-05-07,62
2018-05-08,59
2018-05-09,56
2018-05-10,59
2018-05-11,59
2018-05-12,56
2018-05-13,58
2018-05-14,62
2018-05-15,65
2018-05-16,69
2018-05-17,72
2018-05-18,68
2018-05-19,69
2018-05-20,63
2018-05-21,63
2018-05-22,65
2018-05-23,69
2018-05-24,67
2018-05-25,65
2018-05-26,64
2018-05-27,68
2018-05-28,66
2018-05-29,65
2018-05-30,65
2018-05-31,64
2018-06-01,66
2018-06-02,68
2018-06-03,68
2018-06-04,70
2018-06-05,66
2018-06-06,67
2018-06-07,68
2018-06-08,71
2018-06-09,74
2018-06-10,74
2018-06-11,74
2018-06-12,71
2018-06-13,73
2018-06-14,77
2018-06-15,71
2018-06-16,66
2018-06-17,65
2018-06-18,68
2018-06-19,69
2018-06-20,68
2018-06-21,69
2018-06-22,67
2018-06-23,69
2018-06-24,71
2018-06-25,72
2018-06-26,74
2018-06-27,76
2018-06-28,79
2018-06-29,72
2018-06-30,72
2018-07-01,74
2018-07-02,77
2018-07-03,78
2018-07-04,76
2018-07-05,74
2018-07-06,74
2018-07-07,76
2018-07-08,80
2018-07-09,77
2018-07-10,81
2018-07-11,83
2018-07-12,81
2018-07-13,80
2018-07-14,74
2018-07-15,74
2018-07-16,72
2018-07-17,73
2018-07-18,72
2018-07-19,70
2018-07-20,73
2018-07-21,76
2018-07-22,76
2018-07-23,78
2018-07-24,76
2018-07-25,74
2018-07-26,73
2018-07-27,75
2018-07-28,74
2018-07-29,77
2018-07-30,81
2018-07-31,78
2018-08-01,77
2018-08-02,74
2018-08-03,75
2018-08-04,75
2018-08-05,76
2018-08-06,78
2018-08-07,75
2018-08-08,75
2018-08-09,74
2018-08-10,74
2018-08-11,71
2018-08-12,72
2018-08-13,73
2018-08-14,73
2018-08-15,76
2018-08-16,80
2018-08-17,83
2018-08-18,80
2018-08-19,76
2018-08-20,74
2018-08-21,78
2018-08-22,79
2018-08-23,77
2018-08-24,79
2018-08-25,83
2018-08-26,85
2018-08-27,83
2018-08-28,84
2018-08-29,81
2018-08-30,77
2018-08-31,79
2018-09-01,80
2018-09-02,79
2018-09-03,77
2018-09-04,79
2018-09-05,79
2018-09-06,70
2018-09-07,65
2018-09-08,68
2018-09-09,69
2018-09-10,66
2018-09-11,64
2018-09-12,69
2018-09-13,70
2018-09-14,65
2018-09-15,64
2018-09-16,67
2018-09-18,65
2018-09-19,65
2018-09-20,67
2018-09-21,67
2018-09-22,71
2018-09-23,69
2018-09-24,71
2018-09-25,67
2018-09-26,52
2018-09-27,56
2018-09-28,62
2018-09-29,67
2018-09-30,66
2018-10-01,66
2018-10-02,61
2018-10-03,64
2018-10-04,62
2018-10-05,58
2018-10-06,56
2018-10-07,56
2018-10-08,62
2018-10-09,66
2018-10-10,61
2018-10-11,61
2018-10-12,64
2018-10-13,63
2018-10-14,63
2018-10-15,65
2018-10-16,67
2018-10-17,66
2018-10-18,64
2018-10-19,64
2018-10-20,63
2018-10-21,53
2018-10-22,55
2018-10-23,58
2018-10-24,56
2018-10-25,44
2018-10-26,43
2018-10-27,46
2018-10-28,50
2018-10-29,53
2018-10-30,54
2018-10-31,54
2018-11-01,56
2018-11-02,56
2018-11-03,53
2018-11-04,56
2018-11-05,55
2018-11-06,52
2018-11-07,48
2018-11-08,48
2018-11-09,51
2018-11-10,51
2018-11-11,49
2018-11-12,49
2018-11-13,46
2018-11-14,40
2018-11-15,38
2018-11-16,40
2018-11-17,40
2018-11-18,46
2018-11-19,52
2018-11-20,53
2018-11-21,52
2018-11-22,50
2018-11-23,46
2018-11-24,39
2018-11-25,36
2018-11-26,44
2018-11-27,53
2018-11-28,53
2018-11-29,48
2018-11-30,43
2018-12-01,42
2018-12-02,43
2018-12-03,42
2018-12-04,45
2018-12-05,48
2018-12-06,42
2018-12-07,37
2018-12-08,34
2018-12-09,36
2018-12-10,46
2018-12-11,39
2018-12-12,35
2018-12-13,30
2018-12-14,33
2018-12-15,39
2018-12-16,42
2018-12-17,43
2018-12-18,45
2018-12-19,45
2018-12-20,42
2018-12-21,42
2018-12-22,42
2018-12-23,38
2018-12-24,40
2018-12-25,38
2018-12-26,27
2018-12-27,25
2018-12-28,29
2018-12-29,25
2018-12-30,28
2018-12-31,31
2019-01-01,30
2019-01-02,35
2019-01-03,42
2019-01-04,38
2019-01-05,33
2019-01-06,29
2019-01-07,26
2019-01-08,27
2019-01-09,20
2019-01-10,24
2019-01-11,37
2019-01-12,38
2019-01-13,36
2019-01-14,39
2019-01-15,39
2019-01-16,30
2019-01-17,30
2019-01-18,32
2019-01-19,33
2019-01-20,36
2019-01-21,34
2019-01-22,36
2019-01-23,41
2019-01-24,42
2019-01-25,44
2019-01-26,44
2019-01-27,40
2019-01-28,40
2019-01-29,43
2019-01-30,44
2019-01-31,45
2019-02-01,39
2019-02-02,38
2019-02-03,41
2019-02-04,45
2019-02-05,46
2019-02-06,43
2019-02-07,42
2019-02-08,42
2019-02-09,41
2019-02-10,41
2019-02-11,41
2019-02-12,43
2019-02-13,45
2019-02-14,41
2019-02-15,38
2019-02-16,39
2019-02-17,39
2019-02-18,41
2019-02-19,42
2019-02-20,42
2019-02-21,42
2019-02-22,42
2019-02-23,40
2019-02-24,41
2019-02-25,39
2019-02-26,40
2019-02-27,34
2019-02-28,32
2019-03-01,38
2019-03-02,42
2019-03-03,41
2019-03-04,43
2019-03-05,45
2019-03-06,45
2019-03-07,43
2019-03-08,44
2019-03-09,48
2019-03-10,51
2019-03-11,52
2019-03-12,52
2019-03-13,45
2019-03-14,47
2019-03-15,43
2019-03-16,40
2019-03-17,44
2019-03-18,47
2019-03-19,52
2019-03-20,54
2019-03-21,50
2019-03-22,46
2019-03-23,44
2019-03-24,36
2019-03-25,43
2019-03-26,47
2019-03-27,49
2019-03-28,44
2019-03-29,38
2019-03-30,38
2019-03-31,42
2019-04-01,47
2019-04-02,49
2019-04-03,49
2019-04-04,50
2019-04-05,52
2019-04-06,56
2019-04-07,56
2019-04-08,56
2019-04-09,50
2019-04-10,50
2019-04-11,49
2019-04-12,52
2019-04-13,55
2019-04-14,53
2019-04-15,49
2019-04-16,47
2019-04-17,45
2019-04-18,45
2019-04-19,43
2019-04-20,38
2019-04-21,42
2019-04-22,44
2019-04-23,49
2019-04-24,52
2019-04-25,59
2019-04-26,60
2019-04-27,59
2019-04-28,58
2019-04-29,63
2019-04-30,67
2019-05-01,65
2019-05-02,55
2019-05-03,54
2019-05-04,60
2019-05-05,63
2019-05-06,65
2019-05-07,60
2019-05-08,47
2019-05-09,52
2019-05-10,53
2019-05-11,54
2019-05-12,57
2019-05-13,63
2019-05-14,68
2019-05-15,74
2019-05-16,72
2019-05-17,71
2019-05-18,63
2019-05-19,63
2019-05-20,70
2019-05-21,71
2019-05-22,68
2019-05-23,65
2019-05-24,67
2019-05-25,63
2019-05-26,65
2019-05-27,69
2019-05-28,75
2019-05-29,80
2019-05-30,76
2019-05-31,76
2019-06-01,74
2019-06-02,74
2019-06-03,74
2019-06-04,75
2019-06-05,74
2019-06-06,74
2019-06-07,74
2019-06-08,75
2019-06-09,71
2019-06-10,70
2019-06-11,68
2019-06-12,67
2019-06-13,69
2019-06-14,70
2019-06-15,68
2019-06-16,69
2019-06-17,71
2019-06-18,69
2019-06-19,71
2019-06-20,69
2019-06-21,70
2019-06-22,72
2019-06-23,73
2019-06-24,75
2019-06-25,80
2019-06-26,81
2019-06-27,79
2019-06-28,78
2019-06-29,68
2019-06-30,64
2019-07-01,68
2019-07-02,74
2019-07-03,79
2019-07-04,77
2019-07-05,74
2019-07-06,74
2019-07-07,76
2019-07-08,78
2019-07-09,79
2019-07-10,77
2019-07-11,68
2019-07-12,68
2019-07-13,66
2019-07-14,69
2019-07-15,64
2019-07-16,70
2019-07-17,69
2019-07-18,66
2019-07-19,70
2019-07-20,73
2019-07-21,74
2019-07-22,74
2019-07-23,74
2019-07-24,74
2019-07-25,73
2019-07-26,74
2019-07-27,77
2019-07-28,79
2019-07-29,82
2019-07-30,81
2019-07-31,80
2019-08-01,81
2019-08-02,80
2019-08-03,79
2019-08-04,74
2019-08-05,71
2019-08-06,71
2019-08-07,72
2019-08-08,75
2019-08-09,80
2019-08-10,78
2019-08-11,76
2019-08-12,77
2019-08-13,80
2019-08-14,88
2019-08-15,86
2019-08-16,75
2019-08-17,72
2019-08-18,66
2019-08-19,66
2019-08-20,71
2019-08-21,68
2019-08-22,72
2019-08-23,74
2019-08-24,78
2019-08-25,78
2019-08-26,78
2019-08-27,76
2019-08-28,76
2019-08-29,76
2019-08-30,75
2019-08-31,75
2019-09-01,76
2019-09-02,78
2019-09-03,77
2019-09-04,76
2019-09-05,72
2019-09-06,71
2019-09-07,71
2019-09-08,71
2019-09-09,70
2019-09-10,72
2019-09-11,73
2019-09-12,72
2019-09-13,71
2019-09-14,68
2019-09-15,66
2019-09-16,65
2019-09-17,69
2019-09-18,69
2019-09-19,72
2019-09-20,67
2019-09-21,56
2019-09-22,55
2019-09-23,60
2019-09-24,66
2019-09-25,65
2019-09-26,67
2019-09-27,67
2019-09-28,63
2019-09-29,65
2019-09-30,67
2019-10-01,68
2019-10-02,70
2019-10-03,68
2019-10-04,68
2019-10-05,64
2019-10-06,57
2019-10-07,57
2019-10-08,62
2019-10-09,61
2019-10-10,65
2019-10-11,65
2019-10-12,64
2019-10-13,63
2019-10-14,63
2019-10-15,67
2019-10-16,66
2019-10-17,63
2019-10-18,62
2019-10-19,61
2019-10-20,60
2019-10-21,61
2019-10-22,60
2019-10-23,61
2019-10-24,60
2019-10-25,59
2019-10-26,57
2019-10-27,56
2019-10-28,56
2019-10-29,55
2019-10-30,53
2019-10-31,56
2019-11-01,49
2019-11-02,42
2019-11-03,44
2019-11-04,51
2019-11-05,56
2019-11-06,56
2019-11-07,56
2019-11-08,56
2019-11-09,56
2019-11-10,55
2019-11-11,56
2019-11-12,57
2019-11-13,55
2019-11-14,57
2019-11-15,54
2019-11-16,55
2019-11-17,52
2019-11-18,48
2019-11-19,44
2019-11-20,44
2019-11-21,41
2019-11-22,44
2019-11-23,45
2019-11-24,48
2019-11-25,48
2019-11-26,49
2019-11-27,49
2019-11-28,49
2019-11-29,47
2019-11-30,50
2019-12-01,44
2019-12-02,37
2019-12-03,39
2019-12-04,37
2019-12-05,35
2019-12-06,32
2019-12-07,30
2019-12-08,34
2019-12-09,36
2019-12-10,37
2019-12-11,37
2019-12-12,42
2019-12-13,46
2019-12-14,49
2019-12-15,45
2019-12-16,41
2019-12-17,36
2019-12-18,35
2019-12-19,38
2019-12-20,40
2019-12-21,41
2019-12-22,44
2019-12-23,50
2019-12-24,46
2019-12-25,39
2019-12-26,39
2019-12-27,40
2019-12-28,37
2019-12-29,36
2019-12-30,38
2019-12-31,41
2020-01-01,38
2020-01-02,35
2020-01-03,34
2020-01-04,33
2020-01-05,35
2020-01-06,34
2020-01-07,40
2020-01-08,37
2020-01-09,33
2020-01-10,31
2020-01-11,32
2020-01-12,36
2020-01-13,36
2020-01-14,35
2020-01-15,36
2020-01-16,34
2020-01-17,30
2020-01-18,32
2020-01-19,31
2020-01-20,31
2020-01-21,32
2020-01-22,31
2020-01-23,31
2020-01-24,31
2020-01-25,31
2020-01-26,34
2020-01-27,38
2020-01-28,39
2020-01-29,44
2020-01-30,42
2020-01-31,34
2020-02-01,38
2020-02-02,45
2020-02-03,47
2020-02-04,46
2020-02-05,51
2020-02-06,38
2020-02-07,35
2020-02-08,25
2020-02-09,24
2020-02-10,28
2020-02-11,29
2020-02-12,36
2020-02-13,37
2020-02-14,35
2020-02-15,40
2020-02-16,41
2020-02-17,40
2020-02-18,39
2020-02-19,41
2020-02-20,44
2020-02-21,40
2020-02-22,37
2020-02-23,40
2020-02-24,45
2020-02-25,41
2020-02-26,47
2020-02-27,50
2020-02-28,44
2020-02-29,44
2020-03-01,42
2020-03-02,45
2020-03-03,50
2020-03-04,54
2020-03-05,52
2020-03-06,49
2020-03-07,50
2020-03-08,56
2020-03-09,60
2020-03-10,53
2020-03-11,52
2020-03-12,54
2020-03-13,58
2020-03-14,59
2020-03-15,52
2020-03-16,37
2020-03-17,32
2020-03-18,32
2020-03-19,35
2020-03-20,39
2020-03-21,44
2020-03-22,48
2020-03-23,54
2020-03-24,53
2020-03-25,53
2020-03-26,54
2020-03-27,55
2020-03-28,49
2020-03-29,43
2020-03-30,45
2020-03-31,51
2020-04-01,50
2020-04-02,49
2020-04-03,43
2020-04-04,48
2020-04-05,53
2020-04-06,50
2020-04-07,47
2020-04-08,50
2020-04-09,52
2020-04-10,53
2020-04-11,52
2020-04-12,52
2020-04-13,53
2020-04-14,55
2020-04-15,55
2020-04-16,51
2020-04-17,54
2020-04-18,60
2020-04-19,60
2020-04-20,62
2020-04-21,55
2020-04-22,48
2020-04-23,48
2020-04-24,48
2020-04-25,52
2020-04-26,55
2020-04-27,58
2020-04-28,56
2020-04-29,58
2020-04-30,58
2020-05-01,56
2020-05-02,55
2020-05-03,51
2020-05-04,54
2020-05-05,55
2020-05-06,58
2020-05-07,54
2020-05-08,52
2020-05-09,55
2020-05-10,58
2020-05-11,62
2020-05-12,71
2020-05-13,71
2020-05-14,72
2020-05-15,75
2020-05-16,77
2020-05-17,75
2020-05-18,76
2020-05-19,76
2020-05-20,78
2020-05-21,79
2020-05-22,58
2020-05-23,49
2020-05-24,54
2020-05-25,59
2020-05-26,60
2020-05-27,64
2020-05-28,61
2020-05-29,52
2020-05-30,57
2020-05-31,61
2020-06-01,61
2020-06-02,60
2020-06-03,60
2020-06-04,62
2020-06-05,70
2020-06-06,75
2020-06-07,79
2020-06-08,78
2020-06-09,79
2020-06-10,76
2020-06-11,69
2020-06-12,65
2020-06-13,58
2020-06-14,65
2020-06-15,64
2020-06-16,71
2020-06-17,69
2020-06-18,67
2020-06-19,64
2020-06-20,65
2020-06-21,69
2020-06-22,70
2020-06-23,71
2020-06-24,69
2020-06-25,72
2020-06-26,74
2020-06-27,73
2020-06-28,77
2020-06-29,77
2020-06-30,76
2020-07-01,77
2020-07-02,78
2020-07-03,80
2020-07-04,81
2020-07-05,82
2020-07-06,82
2020-07-07,82
2020-07-08,77
2020-07-09,75
2020-07-10,74
2020-07-11,76
2020-07-12,79
2020-07-13,76
2020-07-14,76
2020-07-15,79
2020-07-16,77
2020-07-17,76
2020-07-18,80
2020-07-19,86
2020-07-20,82
2020-07-21,75
2020-07-22,75
2020-07-23,75
2020-07-24,76
2020-07-25,78
2020-07-26,83
2020-07-27,82
2020-07-28,79
2020-07-29,79
2020-07-30,80
2020-07-31,81
2020-08-01,80
2020-08-02,76
2020-08-03,74
2020-08-04,78
2020-08-05,80
2020-08-06,82
2020-08-07,84
2020-08-08,84
2020-08-09,81
2020-08-10,78
2020-08-11,78
2020-08-12,78
2020-08-13,76
2020-08-14,74
2020-08-15,72
2020-08-16,73
2020-08-17,72
2020-08-18,75
2020-08-19,78
2020-08-20,76
2020-08-21,72
2020-08-22,74
2020-08-23,74
2020-08-24,76
2020-08-25,78
2020-08-26,79
2020-08-27,77
2020-08-28,78
2020-08-29,81
2020-08-30,83
2020-08-31,83
2020-09-01,83
2020-09-02,84
2020-09-03,86
2020-09-04,82
2020-09-05,73
2020-09-06,72
2020-09-07,74
2020-09-08,77
2020-09-09,74
2020-09-10,73
2020-09-11,77
2020-09-12,78
2020-09-13,75
2020-09-14,77
2020-09-15,75
2020-09-16,74
2020-09-17,75
2020-09-18,75
2020-09-19,71
2020-09-20,70
2020-09-21,65
2020-09-22,69
2020-09-23,71
2020-09-24,71
2020-09-25,65
2020-09-26,69
2020-09-27,72
2020-09-28,73
2020-09-29,74
2020-09-30,65
2020-10-01,63
2020-10-02,62
2020-10-03,63
2020-10-04,64
2020-10-05,67
2020-10-06,71
2020-10-07,73
2020-10-08,73
2020-10-09,68
2020-10-10,63
2020-10-11,64
2020-10-12,67
2020-10-13,67
2020-10-14,67
2020-10-15,65
2020-10-16,64
2020-10-17,65
2020-10-18,62
2020-10-19,60
2020-10-20,57
2020-10-21,59
2020-10-22,62
2020-10-23,65
2020-10-24,65
2020-10-25,64
2020-10-26,65
2020-10-27,64
2020-10-28,63
2020-10-29,59
2020-10-30,55
2020-10-31,50
2020-11-01,46
2020-11-02,45
2020-11-03,48
2020-11-04,49
2020-11-05,54
2020-11-06,52
2020-11-07,50
2020-11-08,49
2020-11-09,50
2020-11-10,50
2020-11-11,48
2020-11-12,44
2020-11-13,45
2020-11-14,45
2020-11-15,47
2020-11-16,47
2020-11-17,45
2020-11-18,46
2020-11-19,43
2020-11-20,38
2020-11-21,39
2020-11-22,38
2020-11-23,38
2020-11-24,39
2020-11-25,40
2020-11-26,40
2020-11-27,39
2020-11-28,36
2020-11-29,38
2020-11-30,40
2020-12-01,40
2020-12-02,45
2020-12-03,45
2020-12-04,47
2020-12-05,45
2020-12-06,41
2020-12-07,42
2020-12-08,44
2020-12-09,41
2020-12-10,43
2020-12-11,44
2020-12-12,47
2020-12-13,51
2020-12-14,48
2020-12-15,48
2020-12-16,49
2020-12-17,43
2020-12-18,42
2020-12-19,41
2020-12-20,37
2020-12-21,37
2020-12-22,38
2020-12-23,33
2020-12-24,33
2020-12-25,42
2020-12-26,42
2020-12-27,44
2020-12-28,43
2020-12-29,44
2020-12-30,46
2020-12-31,48
2021-01-01,46
2021-01-02,45
2021-01-03,44
2021-01-04,43
2021-01-05,41
2021-01-06,40
2021-01-07,42
2021-01-08,45
2021-01-09,49
2021-01-10,53
2021-01-11,52
2021-01-12,56
2021-01-13,42
2021-01-14,37
2021-01-15,30
2021-01-16,30
2021-01-17,31
2021-01-18,22
2021-01-19,17
2021-01-20,21
2021-01-21,29
2021-01-22,31
2021-01-23,34
2021-01-24,38
2021-01-25,41
2021-01-26,47
2021-01-27,45
2021-01-28,33
2021-01-29,31
2021-01-30,35
2021-01-31,39
2021-02-01,45
2021-02-02,47
2021-02-03,48
2021-02-04,47
2021-02-05,47
2021-02-06,47
2021-02-07,48
2021-02-08,52
2021-02-09,53
2021-02-10,46
2021-02-13,38
2021-02-14,41
2021-02-15,30
2021-02-16,24
2021-02-17,22
2021-02-18,24
2021-02-19,31
2021-02-21,28
2021-02-22,34
2021-02-23,40
2021-02-24,44
2021-02-25,40
2021-02-26,42
2021-02-27,44
2021-02-28,40
2021-03-01,36
2021-03-02,39
2021-03-03,40
2021-03-04,40
2021-03-05,44
2021-03-06,46
2021-03-07,39
2021-03-08,37
2021-03-09,40
2021-03-10,46
2021-03-11,42
2021-03-12,38
2021-03-13,45
2021-03-14,49
2021-03-15,51
2021-03-16,42
2021-03-17,39
2021-03-18,39
2021-03-19,38
2021-03-20,42
2021-03-21,47
2021-03-22,50
2021-03-23,44
2021-03-24,33
2021-03-25,32
2021-03-26,31
2021-03-27,38
2021-03-28,43
2021-03-29,44
2021-03-30,40
2021-03-31,43
2021-04-01,44
2021-04-02,44
2021-04-03,50
2021-04-04,54
2021-04-05,54
2021-04-06,57
2021-04-07,62
2021-04-08,54
2021-04-09,37
2021-04-10,38
2021-04-11,38
2021-04-12,41
2021-04-13,48
2021-04-14,54
2021-04-15,57
2021-04-16,56
2021-04-17,63
2021-04-18,60
2021-04-19,60
2021-04-20,56
2021-04-21,54
2021-04-22,54
2021-04-23,59
2021-04-24,61
2021-04-25,57
2021-04-26,55
2021-04-27,57
2021-04-28,67
2021-04-29,72
2021-04-30,68
2021-05-01,68
2021-05-02,71
2021-05-03,73
2021-05-04,63
2021-05-05,63
2021-05-06,60
2021-05-07,64
2021-05-08,67
2021-05-09,56
2021-05-10,54
2021-05-11,60
2021-05-12,66
2021-05-13,70
2021-05-14,73
2021-05-15,72
2021-05-16,63
2021-05-17,62
2021-05-18,69
2021-05-19,64
2021-05-20,75
2021-05-21,69
2021-05-22,56
2021-05-23,62
2021-05-24,69
2021-05-25,73
2021-05-26,76
2021-05-27,73
2021-05-28,73
2021-05-29,61
2021-05-30,68
2021-05-31,65
2021-06-01,59
2021-06-02,55
2021-06-03,56
2021-06-04,57
2021-06-05,57
2021-06-06,62
2021-06-07,67
2021-06-08,62
2021-06-09,64
2021-06-10,66
2021-06-11,62
2021-06-12,62
2021-06-13,67
2021-06-14,62
2021-06-15,61
2021-06-16,64
2021-06-17,64
2021-06-18,69
2021-06-19,73
2021-06-20,75
2021-06-21,69
2021-06-22,65
2021-06-23,70
2021-06-24,72
2021-06-25,70
2021-06-26,72
2021-06-27,75
2021-06-28,76
2021-06-29,77
2021-06-30,79
2021-07-01,81
2021-07-02,84
2021-07-03,74
2021-07-04,66
2021-07-05,69
2021-07-06,70
2021-07-07,73
2021-07-08,74
2021-07-09,75
2021-07-10,75
2021-07-11,76
2021-07-12,79
2021-07-13,79
2021-07-14,78
2021-07-15,75
2021-07-16,80
2021-07-17,85
2021-07-18,88
2021-07-19,90
2021-07-20,87
2021-07-21,82
2021-07-22,75
2021-07-23,73
2021-07-24,74
2021-07-25,75
2021-07-26,76
2021-07-27,78
2021-07-28,78
2021-07-29,77
2021-07-30,80
2021-07-31,81
2021-08-01,81
2021-08-02,80
2021-08-03,84
2021-08-04,85
2021-08-05,85
2021-08-06,86
2021-08-07,77
2021-08-08,73
2021-08-09,74
2021-08-10,76
2021-08-11,71
2021-08-12,72
2021-08-13,73
2021-08-14,72
2021-08-15,72
2021-08-16,75
2021-08-17,78
2021-08-18,80
2021-08-19,76
2021-08-20,74
2021-08-21,76
2021-08-22,77
2021-08-23,75
2021-08-24,76
2021-08-25,79
2021-08-26,80
2021-08-27,81
2021-08-28,86
2021-08-29,85
2021-08-30,83
2021-08-31,79
2021-09-01,74
2021-09-02,68
2021-09-03,65
2021-09-04,67
2021-09-05,70
2021-09-06,66
2021-09-07,64
2021-09-08,68
2021-09-09,72
2021-09-10,71
2021-09-11,67
2021-09-12,68
2021-09-13,70
2021-09-14,68
2021-09-15,61
2021-09-16,62
2021-09-17,62
2021-09-18,67
2021-09-19,69
2021-09-20,71
2021-09-21,69
2021-09-22,62
2021-09-23,55
2021-09-24,54
2021-09-25,58
2021-09-26,61
2021-09-27,66
2021-09-28,65
2021-09-29,63
2021-09-30,59
2021-10-01,57
2021-10-02,59
2021-10-03,58
2021-10-04,58
2021-10-05,54
2021-10-06,55
2021-10-07,58
2021-10-08,61
2021-10-09,63
2021-10-10,66
2021-10-11,63
2021-10-12,65
2021-10-13,57
2021-10-14,60
2021-10-15,62
2021-10-16,60
2021-10-17,56
2021-10-18,58
2021-10-19,54
2021-10-20,52
2021-10-21,51
2021-10-22,53
2021-10-23,55
2021-10-24,54
2021-10-25,48
2021-10-26,44
2021-10-27,49
2021-10-28,52
2021-10-29,51
2021-10-30,49
2021-10-31,49
2021-11-01,56
2021-11-02,58
2021-11-03,56
2021-11-04,55
2021-11-05,53
2021-11-06,54
2021-11-07,56
2021-11-08,58
2021-11-09,57
2021-11-10,46
2021-11-11,38
2021-11-12,41
2021-11-13,42
2021-11-14,44
2021-11-15,47
2021-11-16,45
2021-11-17,43
2021-11-18,46
2021-11-19,42
2021-11-20,43
2021-11-21,42
2021-11-22,44
2021-11-23,48
2021-11-24,46
2021-11-25,44
2021-11-26,48
2021-11-27,53
2021-11-28,55
2021-11-29,57
2021-11-30,49
2021-12-01,38
2021-12-02,39
2021-12-03,42
2021-12-04,47
2021-12-05,46
2021-12-06,49
2021-12-07,53
2021-12-08,45
2021-12-09,43
2021-12-10,43
2021-12-11,46
2021-12-12,48
2021-12-13,48
2021-12-14,44
2021-12-15,41
2021-12-16,37
2021-12-17,34
2021-12-18,35
2021-12-19,35
2021-12-20,33
2021-12-21,31
2021-12-22,28
2021-12-23,28
2021-12-24,25
2021-12-25,31
2021-12-26,38
2021-12-27,40
2021-12-28,40
2021-12-29,38
2021-12-30,43
2021-12-31,42
2022-01-01,40
2022-01-02,40
2022-01-03,37
2022-01-04,39
2022-01-05,40
2022-01-06,45
2022-01-07,48
2022-01-08,49
2022-01-09,47
2022-01-10,44
2022-01-11,45
2022-01-12,40
2022-01-13,30
2022-01-14,27
2022-01-15,29
2022-01-16,30
2022-01-17,31
2022-01-18,31
2022-01-19,26
2022-01-20,26
2022-01-21,32
2022-01-22,34
2022-01-23,27
2022-01-24,26
2022-01-25,22
2022-01-26,26
2022-01-27,25
2022-01-28,24
2022-01-29,23
2022-01-30,26
2022-01-31,31
2022-02-01,31
2022-02-02,41
2022-02-03,44
2022-02-04,32
2022-02-05,29
2022-02-06,33
2022-02-07,37
2022-02-08,45
2022-02-09,36
2022-02-10,35
2022-02-11,36
2022-02-12,38
2022-02-13,38
2022-02-14,35
2022-02-15,36
2022-02-16,38
2022-02-17,38
2022-02-18,38
2022-02-19,39
2022-02-20,41
2022-02-21,48
2022-02-22,45
2022-02-23,49
2022-02-24,47
2022-02-25,40
2022-02-26,41
2022-02-27,47
2022-02-28,41
2022-03-01,37
2022-03-02,36
2022-03-03,33
2022-03-04,33
2022-03-05,37
2022-03-06,42
2022-03-07,41
2022-03-08,40
2022-03-09,35
2022-03-10,31
2022-03-11,28
2022-03-12,27
2022-03-13,29
2022-03-14,30
2022-03-15,31
2022-03-16,35
2022-03-17,36
2022-03-18,29
2022-03-19,26
2022-03-20,30
2022-03-21,33
2022-03-22,34
2022-03-23,36
2022-03-24,35
2022-03-25,40
2022-03-26,36
2022-03-27,42
2022-03-28,48
2022-03-29,49
2022-03-30,52
2022-03-31,56
2022-04-01,64
2022-04-02,65
2022-04-03,56
2022-04-04,53
2022-04-05,58
2022-04-06,56
2022-04-07,56
2022-04-08,53
2022-04-09,56
2022-04-10,62
2022-04-11,52
2022-04-12,40
2022-04-13,40
2022-04-14,47
2022-04-15,53
2022-04-16,55
2022-04-17,55
2022-04-18,65
2022-04-19,50
2022-04-20,47
2022-04-21,51
2022-04-22,56
2022-04-23,64
2022-04-24,67
2022-04-25,70
2022-04-26,67
2022-04-27,69
2022-04-28,67
2022-04-29,69
2022-04-30,62
2022-05-01,54
2022-05-02,58
2022-05-03,59
2022-05-04,54
2022-05-05,51
2022-05-06,51
2022-05-07,51
2022-05-08,55
2022-05-09,58
2022-05-10,59
2022-05-11,60
2022-05-12,60
2022-05-13,65
2022-05-14,67
2022-05-15,60
2022-05-16,62
2022-05-17,62
2022-05-18,66
2022-05-19,52
2022-05-20,56
2022-05-21,63
2022-05-22,67
2022-05-23,61
2022-05-24,61
2022-05-25,65
2022-05-26,72
2022-05-27,72
2022-05-28,72
2022-05-29,75
2022-05-30,79
2022-05-31,77
2022-06-01,77
2022-06-02,78
2022-06-03,78
2022-06-04,77
2022-06-05,76
2022-06-06,72
2022-06-07,66
2022-06-08,67
2022-06-09,69
2022-06-10,71
2022-06-11,67
2022-06-12,65
2022-06-13,65
2022-06-14,67
2022-06-15,69
2022-06-16,71
2022-06-17,68
2022-06-18,73
2022-06-19,72
2022-06-20,76
2022-06-21,68
2022-06-22,69
2022-06-23,70
2022-06-24,65
2022-06-25,65
2022-06-26,64
2022-06-27,62
2022-06-28,64
2022-06-29,67
2022-06-30,68
2022-07-01,67
2022-07-02,72
2022-07-03,70
2022-07-04,70
2022-07-05,71
2022-07-06,75
2022-07-07,77
2022-07-08,76
2022-07-09,72
2022-07-10,69
2022-07-11,71
2022-07-12,73
2022-07-13,74
2022-07-14,72
2022-07-15,70
2022-07-16,73
2022-07-17,74
2022-07-18,71
2022-07-19,70
2022-07-20,70
2022-07-21,71
2022-07-22,73
2022-07-23,73
2022-07-24,73
2022-07-25,75
2022-07-26,76
2022-07-27,79
2022-07-28,81
2022-07-29,82
2022-07-30,82
2022-07-31,83
2022-08-01,81
2022-08-02,78
2022-08-03,80
2022-08-04,80
2022-08-05,82
2022-08-06,79
2022-08-07,77
2022-08-08,79
2022-08-09,79
2022-08-10,78
2022-08-11,76
2022-08-12,78
2022-08-13,80
2022-08-14,80
2022-08-15,75
2022-08-16,74
2022-08-17,78
2022-08-18,79
2022-08-19,77
2022-08-20,77
2022-08-21,81
2022-08-22,84
2022-08-23,85
2022-08-24,83
2022-08-25,76
2022-08-26,77
2022-08-27,77
2022-08-28,76
2022-08-29,80
2022-08-30,83
2022-08-31,81
2022-09-01,79
2022-09-02,80
2022-09-03,79
2022-09-04,74
2022-09-05,70
2022-09-06,68
2022-09-07,65
2022-09-08,67
2022-09-09,71
2022-09-10,73
2022-09-11,76
2022-09-12,70
2022-09-13,64
2022-09-14,63
2022-09-15,68
2022-09-16,75
2022-09-17,78
2022-09-18,79
2022-09-19,72
2022-09-20,65
2022-09-21,70
2022-09-22,56
2022-09-23,52
2022-09-24,53
2022-09-25,55
2022-09-26,60
2022-09-27,67
2022-09-28,71
2022-09-29,70
2022-09-30,71
2022-10-01,70
2022-10-02,72
2022-10-03,71
2022-10-04,65
2022-10-05,62
2022-10-06,66
